lea_state,leaid,lea_name,pct_fte_cert,n_schools
CT,0900002,Connecticut Technical Education and Career System,0.9723783141514636,18
CT,0900005,Regional School District 19,0.9791666666666666,1
CT,0900007,Jumoke Academy District,0.7142857142857143,1
CT,0900009,Odyssey Community School District,1,1
CT,0900010,Integrated Day Charter School District,1,1
CT,0900011,Interdistrict School for Arts and Comm District,0.9629629629629629,1
CT,0900014,Common Ground High School District,0.9288135593220338,1
CT,0900015,The Bridge Academy District,1,1
CT,0900016,Side By Side Charter School District,1,1
CT,0900018,Explorations District,1,1
CT,0900024,Amistad Academy District,0.9624060150375939,1
CT,0900028,New Beginnings Inc Family Academy District,0.7894736842105263,1
CT,0900030,Andover School District,1,1
CT,0900033,Park City Prep Charter School District,1,1
CT,0900060,Ansonia School District,1,6
CT,0900070,Area Cooperative Educational Services,0.9726005783465715,11
CT,0900090,Ashford School District,1,1
CT,0900120,Avon School District,1,5
CT,0900150,Barkhamsted School District,1,2
CT,0900207,Highville Charter School District,0.5675675675675675,1
CT,0900208,Achievement First Bridgeport Academy District,0.9384615384615385,1
CT,0900210,Berlin School District,1,6
CT,0900212,Achievement First Hartford Academy District,0.961038961038961,1
CT,0900214,Elm City College Preparatory School District,1,1
CT,0900215,Brass City Charter School District,0.8805970149253731,1
CT,0900216,Elm City Montessori School District,1,1
CT,0900217,Booker T. Washington Academy District,0.9615384615384616,1
CT,0900219,Great Oaks Charter School District,0.8974358974358975,1
CT,0900220,Stamford Charter School for Excellence District,0.9523809523809523,1
CT,0900221,Capital Preparatory Harbor School District,0.6122448979591837,1
CT,0900226,Goodwin University Educational Services (GUES),1,2
CT,0900240,Bethany School District,1,1
CT,0900270,Bethel School District,1,6
CT,0900330,Bloomfield School District,1,7
CT,0900360,Bolton School District,1,3
CT,0900390,Bozrah School District,1,1
CT,0900420,Branford School District,1,7
CT,0900450,Bridgeport School District,0.961892247043364,39
CT,0900510,Bristol School District,1,13
CT,0900540,Brookfield School District,1,4
CT,0900570,Brooklyn School District,1,2
CT,0900630,Canaan School District,1,1
CT,0900660,Canterbury School District,1,2
CT,0900690,Canton School District,1,4
CT,0900700,Capitol Region Education Council,0.9958679963162526,20
CT,0900720,Chaplin School District,1,1
CT,0900750,Cheshire School District,1,11
CT,0900780,Chester School District,1,1
CT,0900810,Clinton School District,1,3
CT,0900840,Colchester School District,1,5
CT,0900870,Colebrook School District,1,1
CT,0900900,Columbia School District,1,1
CT,0900910,Cooperative Educational Services,0.8761061946902655,7
CT,0900930,Cornwall School District,1,1
CT,0900960,Coventry School District,1,6
CT,0900990,Cromwell School District,0.9940546966481497,4
CT,0901020,Danbury School District,1,19
CT,0901050,Darien School District,1,7
CT,0901080,Deep River School District,1,1
CT,0901110,Derby School District,1,5
CT,0901170,East Granby School District,1,4
CT,0901200,East Haddam School District,1,3
CT,0901230,East Hampton School District,1,5
CT,0901260,East Hartford School District,1,15
CT,0901290,East Haven School District,0.9388489210832772,8
CT,0901320,East Lyme School District,1,7
CT,0901350,East Windsor School District,1,3
CT,0901360,Eastern Connecticut Regional Educational Service Center (EAS,1,3
CT,0901380,Eastford School District,0.9766763848396502,1
CT,0901410,Easton School District,1,2
CT,0901440,Ellington School District,1,8
CT,0901470,Enfield School District,1,22
CT,0901500,Essex School District,1,1
CT,0901530,Fairfield School District,1,17
CT,0901560,Farmington School District,0.9928039115723565,8
CT,0901590,Franklin School District,1,1
CT,0901620,Glastonbury School District,1,10
CT,0901680,Granby School District,1,4
CT,0901710,Greenwich School District,0.9609929078014184,16
CT,0901740,Griswold School District,1,4
CT,0901770,Groton School District,1,7
CT,0901800,Guilford School District,1,7
CT,0901860,Hamden School District,1,19
CT,0901890,Hampton School District,1,1
CT,0901920,Hartford School District,0.9799822920429747,39
CT,0901950,Hartland School District,1,1
CT,0902010,Hebron School District,1,2
CT,0902040,Kent School District,1,1
CT,0902070,Killingly School District,1,4
CT,0902130,Lebanon School District,1,3
CT,0902160,Ledyard School District,1,6
CT,0902190,Lisbon School District,1,1
CT,0902220,Litchfield School District,1,4
CT,0902280,Madison School District,1,6
CT,0902310,Manchester School District,1,15
CT,0902340,Mansfield School District,1,4
CT,0902370,Marlborough School District,1,1
CT,0902400,Meriden School District,1,13
CT,0902490,Middletown School District,1,10
CT,0902520,Milford School District,1,14
CT,0902550,Monroe School District,1,7
CT,0902580,Montville School District,1,5
CT,0902640,Naugatuck School District,0.9935691318327974,9
CT,0902670,New Britain School District,1,29
CT,0902700,New Canaan School District,1,5
CT,0902730,New Fairfield School District,1,4
CT,0902760,New Hartford School District,1,3
CT,0902790,New Haven School District,0.9842209072978304,38
CT,0902820,New London School District,0.9667673716012085,6
CT,0902850,New Milford School District,1,5
CT,0902880,Newington School District,1,7
CT,0902910,Newtown School District,0.9972785412833232,9
CT,0902940,Norfolk School District,1,1
CT,0902970,North Branford School District,0.99375,4
CT,0903000,North Canaan School District,1,1
CT,0903030,North Haven School District,1,6
CT,0903060,North Stonington School District,1,2
CT,0903090,Norwalk School District,0.94611488289508,21
CT,0903120,Norwich School District,0.9930555555073303,11
CT,0903180,Old Saybrook School District,1,3
CT,0903210,Orange School District,1,4
CT,0903240,Oxford School District,1,4
CT,0903270,PLAINFIELD SCHOOL DISTRICT,0.9463098329134952,6
CT,0903300,Plainville School District,1,5
CT,0903330,Plymouth School District,1,4
CT,0903360,Pomfret School District,1,1
CT,0903390,Portland School District,1,5
CT,0903420,Preston School District,1,2
CT,0903450,Learn,1,9
CT,0903480,Putnam School District,1,4
CT,0903510,Redding School District,1,2
CT,0903512,EdAdvance,0.95,4
CT,0903515,Regional School District 06,1,6
CT,0903520,Regional School District 10,1,4
CT,0903530,Regional School District 12,1,5
CT,0903535,Regional School District 13,0.9940546966481497,5
CT,0903536,Regional School District 14,1,4
CT,0903537,Regional School District 15,1,8
CT,0903538,Regional School District 16,1,4
CT,0903539,Regional School District 17,1,5
CT,0903540,Regional School District 18,1,5
CT,0903570,Regional School District 11,1,1
CT,0903600,Regional School District 01,1,1
CT,0903630,Regional School District 04,1,2
CT,0903660,Regional School District 05,0.9956331877729258,3
CT,0903720,Regional School District 07,1,2
CT,0903750,Regional School District 08,1,2
CT,0903780,Regional School District 09,1,1
CT,0903810,Ridgefield School District,1,9
CT,0903840,Rocky Hill School District,1,5
CT,0903900,Salem School District,1,1
CT,0903930,Salisbury School District,0.9689441003433509,1
CT,0903960,Scotland School District,1,1
CT,0903990,Seymour School District,1,4
CT,0904020,Sharon School District,1,1
CT,0904050,Shelton School District,1,8
CT,0904080,Sherman School District,1,1
CT,0904110,Simsbury School District,1,7
CT,0904140,Somers School District,1,3
CT,0904170,South Windsor School District,1,6
CT,0904230,Southington School District,1,12
CT,0904260,SPRAGUE SCHOOL DISTRICT,1,1
CT,0904290,Stafford School District,1,4
CT,0904320,Stamford School District,1,23
CT,0904350,Sterling School District,1,1
CT,0904380,Stonington School District,1,4
CT,0904440,Stratford School District,0.985268120157882,14
CT,0904470,Suffield School District,1,4
CT,0904500,Thomaston School District,1,3
CT,0904530,Thompson School District,0.9772727272727273,3
CT,0904560,Tolland School District,1,4
CT,0904590,Torrington School District,1,6
CT,0904620,Trumbull School District,1,12
CT,0904650,Union School District,0.9459459331628929,1
CT,0904680,Vernon School District,1,7
CT,0904710,Voluntown School District,1,1
CT,0904740,WALLINGFORD SCHOOL DISTRICT,0.9981718464351006,12
CT,0904830,Waterbury School District,0.988013698630137,29
CT,0904860,Waterford School District,1,5
CT,0904890,Watertown School District,1,5
CT,0904920,West Hartford School District,0.9961084446755599,19
CT,0904950,West Haven School District,1,9
CT,0904980,Westbrook School District,0.9905087316062541,3
CT,0905010,Weston School District,1,4
CT,0905040,Westport School District,1,9
CT,0905070,Wethersfield School District,1,10
CT,0905100,Willington School District,1,2
CT,0905130,Wilton School District,0.9970282318509082,4
CT,0905160,Winchester School District,0.953125,2
CT,0905190,Windham School District,0.9618745035742653,8
CT,0905220,Windsor School District,1,6
CT,0905250,Windsor Locks School District,1,6
CT,0905280,Wolcott School District,0.6697154454761964,5
CT,0905310,Woodbridge School District,1,1
CT,0905370,Woodstock School District,1,2
CT,0905371,Norwich Free Academy District,0.994413407821229,1
CT,0905372,The Gilbert School District,1,1
CT,0905373,The Woodstock Academy District,1,1
MA,2500001,Quabbin,0.9942196531791907,7
MA,2500002,Spencer-E Brookfield,0.9906032700620184,4
MA,2500013,Southwick-Tolland-Granville Regional School District,0.9852724593908134,3
MA,2500014,Chesterfield-Goshen,0.9404762464569195,1
MA,2500021,Academy Of the Pacific Rim Charter Public (District),0.765625,1
MA,2500022,Benjamin Banneker Charter Public (District),0.9534883720930233,1
MA,2500024,Cape Cod Lighthouse Charter (District),0.9565217391304348,1
MA,2500025,Innovation Academy Charter (District),0.6294690802989464,1
MA,2500026,City on a Hill Charter Public School (District),0.7438424011745025,1
MA,2500027,Community Day Charter Public School - Prospect (District),0.8223350343992368,1
MA,2500028,Sabis International Charter (District),0.83,1
MA,2500029,Neighborhood House Charter (District),0.5860655737704918,2
MA,2500030,Benjamin Franklin Classical Charter Public (District),0.8782608695652174,1
MA,2500031,Hilltown Cooperative Charter Public (District),0.8436018483412322,1
MA,2500032,Lawrence Family Development Charter (District),1,1
MA,2500033,Lowell Middlesex Academy Charter (District),0.8571428571428571,1
MA,2500034,Marblehead Community Charter Public (District),0.8571428571428571,1
MA,2500035,Martha's Vineyard Charter (District),0.8,1
MA,2500036,Ma Academy for Math and Science,1,1
MA,2500038,Francis W. Parker Charter Essential (District),0.6770767155300615,1
MA,2500039,Boston Renaissance Charter Public (District),0.9616335905334062,1
MA,2500040,South Shore Charter Public (District),0.84094238743455485,1
MA,2500041,Atlantis Charter (District),0.7572815533980582,1
MA,2500043,Up-Island Regional,0.9789029544766686,2
MA,2500044,Pioneer Valley Performing Arts Charter Public (District),0.8536585365853658,1
MA,2500045,Learning First Charter Public School (District),0.9496221675158144,1
MA,2500046,Prospect Hill Academy Charter (District),0.8461538461538461,1
MA,2500049,Boston Day and Evening Academy Charter (District),0.896551724137931,1
MA,2500051,Abby Kelley Foster Charter Public (District),0.9391304347826087,1
MA,2500052,Foxborough Regional Charter (District),0.7384615384615385,1
MA,2500053,Boston Collegiate Charter (District),0.5362318840579711,1
MA,2500054,Edward M. Kennedy Academy for Health Careers (Horace Mann Ch,1,1
MA,2500055,Mystic Valley Regional Charter (District),0.6532258064516129,1
MA,2500057,Rising Tide Charter Public (District),0.7580645161290323,1
MA,2500058,Sturgis Charter Public (District),0.7545454545454545,2
MA,2500060,Conservatory Lab Charter (District),1,1
MA,2500062,River Valley Charter (District),0.6521739130434783,1
MA,2500063,Roxbury Preparatory Charter (District),0.4628099173553719,5
MA,2500065,Lowell Community Charter Public (District),1,1
MA,2500066,MATCH Charter Public School (District),0.7718875341365462,1
MA,2500067,Manchester Essex Regional,0.8945072171756029,4
MA,2500068,Christa McAuliffe Charter Public (District),0.7987804878048781,1
MA,2500070,Codman Academy Charter Public (District),0.6977008877760073,1
MA,2500071,Brooke Charter School (District),0.6361061750333185,1
MA,2500073,Sizer School: A North Central Charter Essential (District),0.921268429673678,1
MA,2500075,Excel Academy Charter (District),0.7145085647425897,1
MA,2500076,Four Rivers Charter Public (District),0.8352093577311732,1
MA,2500077,Helen Y. Davis Leadership Academy Charter Public (District),0.5445544284874045,1
MA,2500079,Berkshire Arts and Technology Charter Public (District),0.5829015846062997,1
MA,2500080,Boston Preparatory Charter Public (District),0.8110464617276252,1
MA,2500082,KIPP Academy Lynn Charter (District),0.5984573230490018,1
MA,2500083,Hill View Montessori Charter Public (District),0.8260869565217391,1
MA,2500084,Salem Academy Charter (District),0.8336693481318286,1
MA,2500085,Advanced Math and Science Academy Charter (District),0.9411764705882353,1
MA,2500086,Community Charter School of Cambridge (District),0.7487656404298576,1
MA,2500087,Holyoke Community Charter (District),0.7467994310099574,1
MA,2500089,Martin Luther King Jr. Charter School of Excellence (Distric,0.4594594594594595,1
MA,2500090,Phoenix Charter Academy (District),0.9172870140612076,1
MA,2500517,Pioneer Valley Chinese Immersion Charter (District),0.8194444444444444,1
MA,2500518,Pioneer Charter School of Science (District),0.8291390463576159,1
MA,2500519,Global Learning Charter Public (District),0.9361702127659575,1
MA,2500522,Hampden Charter School of Science East (District),0.7733644573215994,1
MA,2500525,Alma del Mar Charter School (District),0.775,2
MA,2500526,Boston Green Academy Horace Mann Charter School (District),0.9394619703794606,1
MA,2500527,Bridge Boston Charter School (District),0.7402597402597403,1
MA,2500533,UP Academy Charter School of Boston (District),0.9442896966969528,1
MA,2500535,Community Day Charter Public School - R. Kingman Webster (Di,0.7528089887640449,1
MA,2500536,Veritas Preparatory Charter School (District),0.6296296382030176,1
MA,2500537,KIPP Academy Boston Charter School (District),0.6390264026402641,1
MA,2500538,Community Day Charter Public School - Gateway (District),0.7453703762645746,1
MA,2500541,Somerset Berkley Regional School District,0.822617540887581,1
MA,2500542,Ayer Shirley School District,0.9987301523809524,4
MA,2500543,Dudley Street Neighborhood Charter School (District),0.8974358974358975,1
MA,2500544,Monomoy Regional School District,0.9172750580397063,4
MA,2500545,Collegiate Charter School of Lowell (District),0.7389502844941397,1
MA,2500546,Pioneer Charter School of Science II (PCSS-II) (District),0.8012232476690139,1
MA,2500549,UP Academy Charter School of Dorchester (District),0.8512396694214877,1
MA,2500550,Baystate Academy Charter Public School (District),0.6190476190476191,1
MA,2500551,Greenfield Commonwealth Virtual District,1,1
MA,2500552,Argosy Collegiate Charter School (District),0.7755102040816326,1
MA,2500554,Essex North Shore Agricultural and Technical School District,0.9439383321653819,1
MA,2500555,Phoenix Academy Public Charter High School Springfield (Dist,0.6,1
MA,2500556,TEC Connections Academy Commonwealth Virtual School District,0.9611650485436893,1
MA,2500557,Springfield Preparatory Charter School (District),0.7450980392156863,1
MA,2500559,New Heights Charter School of Brockton (District),0.4603174603174603,1
MA,2500586,Libertas Academy Charter School (District),0.7708333333333334,1
MA,2500587,Old Sturbridge Academy Charter Public School (District),0.9545454545454546,1
MA,2500588,Hampden Charter School of Science West (District),0.7523809841269842,1
MA,2500589,Map Academy Charter School (District),0.9468295370945072,1
MA,2500590,Phoenix Academy Public Charter High School Lawrence (Distric,0.7275922407732863,1
MA,2501650,Abington,1,5
MA,2501710,Acton-Boxborough,1,9
MA,2501740,Acushnet,1,2
MA,2501780,Hoosac Valley Regional,0.956989247311828,3
MA,2501800,Agawam,1,8
MA,2501860,Amesbury,1,5
MA,2501890,Amherst,0.9649982505250568,3
MA,2501920,Amherst-Pelham,0.9131953271609059,2
MA,2501950,Andover,0.9962201797041821,10
MA,2501980,Arlington,0.9959225280243069,11
MA,2502040,Ashburnham-Westminster,1,5
MA,2502100,Ashland,1,5
MA,2502110,Assabet Valley Regional Vocational Technical,0.9641769657890024,1
MA,2502160,Athol-Royalston,0.9848047410362807,4
MA,2502190,Attleboro,0.8227243890099066,12
MA,2502220,Auburn,1,5
MA,2502250,Avon,0.9857142857142858,2
MA,2502310,Barnstable,0.9806539257082055,9
MA,2502400,Bedford,0.8674898340989334,4
MA,2502430,Belchertown,1,5
MA,2502460,Bellingham,1,6
MA,2502490,Belmont,0.9967070601174417,6
MA,2502520,Berkley,1,2
MA,2502530,Berkshire Hills,1,3
MA,2502580,Berlin-Boylston,1,3
MA,2502640,Beverly,0.9912371843542207,8
MA,2502670,Billerica,1,8
MA,2502710,Blackstone Valley Regional Vocational Technical,1,1
MA,2502715,Blackstone-Millville,0.9915966386554622,5
MA,2502740,Blue Hills Regional Vocational Technical,1,1
MA,2502790,Boston,0.9672512688019362,119
MA,2502820,Bourne,1,4
MA,2502880,Boxford,1,2
MA,2502940,Braintree,0.9976151296347681,10
MA,2502970,Brewster,1,2
MA,2503030,Bridgewater-Raynham,1,8
MA,2503060,Brimfield,1,1
MA,2503070,Bristol County Agricultural,1,1
MA,2503080,Bristol-Plymouth Regional Vocational Technical,0.9619047619047619,1
MA,2503090,Brockton,0.9877930415958502,24
MA,2503120,Brookfield,0.9642857142857143,1
MA,2503150,Brookline,0.9945891049191442,13
MA,2503240,Burlington,0.9847108827468761,6
MA,2503270,Cambridge,0.9888323662517984,17
MA,2503300,Canton,1,6
MA,2503310,Cape Cod Regional Vocational Technical,0.8668639013865059,1
MA,2503330,Carlisle,1,1
MA,2503360,Carver,0.9847619047619047,2
MA,2503390,Central Berkshire,0.9915254236857225,5
MA,2503510,Chelmsford,0.9940903584022999,8
MA,2503540,Chelsea,0.9311023622047244,11
MA,2503660,Chicopee,0.9766627772073253,15
MA,2503720,Clarksburg,0.9473684210526316,1
MA,2503750,Clinton,1,3
MA,2503780,Cohasset,0.7065140315711996,4
MA,2503840,Concord,1,4
MA,2503870,Concord-Carlisle,1,1
MA,2503900,Conway,1,1
MA,2503990,Danvers,1,7
MA,2504020,Dartmouth,0.8280283421461896,6
MA,2504050,Dedham,1,7
MA,2504080,Deerfield,0.9705188661862539,1
MA,2504140,Dennis-Yarmouth,0.9928135107033631,6
MA,2504200,Dighton-Rehoboth,0.9864253393665159,5
MA,2504230,Douglas,0.9859584859584859,4
MA,2504260,Dover,0.831081088690041,1
MA,2504290,Dover-Sherborn,0.7996739653453335,2
MA,2504320,Dracut,1,6
MA,2504360,Dudley-Charlton Reg,1,7
MA,2504410,Duxbury,0.9773765894993295,4
MA,2504440,East Bridgewater,0.9879452712421257,3
MA,2504500,East Longmeadow,0.9673913049149339,5
MA,2504530,Eastham,1,1
MA,2504560,Nauset,0.9992446676794209,2
MA,2504590,Easthampton,1,5
MA,2504620,Easton,0.9595797603938402,6
MA,2504650,Oak Bluffs,1,1
MA,2504710,Erving,1,1
MA,2504770,Everett,0.9963616518100782,10
MA,2504800,Fairhaven,0.8663735818378899,4
MA,2504830,Fall River,0.9899843899714044,16
MA,2504860,Falmouth,0.9964914557806819,7
MA,2504890,Fitchburg,0.9364683286446289,8
MA,2504920,Florida,0.8969072143692209,1
MA,2504950,Foxborough,0.9899598393574297,5
MA,2504980,Framingham,0.734425217841846,14
MA,2505010,Franklin,0.9623068897815743,10
MA,2505020,Franklin County Regional Vocational Technical,1,1
MA,2505070,Freetown-Lakeville,1,5
MA,2505100,Frontier,0.980890503310128,1
MA,2505130,Gardner,1,5
MA,2505160,Gateway,0.9823788548196161,4
MA,2505220,Georgetown,0.9711538461538461,4
MA,2505270,Gill-Montague,1,5
MA,2505280,Gloucester,1,8
MA,2505370,Grafton,1,6
MA,2505400,Granby,0.9676480113992879,2
MA,2505470,Greater Lawrence Regional Vocational Technical,0.9604559425121035,1
MA,2505480,Greater Lowell Regional Vocational Technical,1,1
MA,2505485,Greater Fall River Regional Vocational Technical,0.9848736953562245,1
MA,2505490,Greenfield,0.9929072982692213,6
MA,2505500,Groton-Dunstable,1,5
MA,2505580,Hadley,1,2
MA,2505610,Halifax,1,1
MA,2505670,Hamilton-Wenham,1,5
MA,2505730,Hampden-Wilbraham,1,6
MA,2505740,Hampshire,1,1
MA,2505760,Hancock,0.940740725925926,1
MA,2505790,Hanover,0.9946236559139785,4
MA,2505880,Harvard,1,2
MA,2505940,Hatfield,1,2
MA,2505970,Haverhill,0.9920076728003521,16
MA,2506000,Hawlemont,1,1
MA,2506090,Hingham,1,6
MA,2506150,Holbrook,1,2
MA,2506210,Holland,1,1
MA,2506240,Holliston,0.9905669274703693,4
MA,2506270,Holyoke,0.929530201657583,12
MA,2506300,Hopedale,0.9952727617062748,3
MA,2506330,Hopkinton,0.9964700300079691,5
MA,2506390,Hudson,0.9696048637498069,5
MA,2506420,Hull,1,3
MA,2506480,Ipswich,1,4
MA,2506510,King Philip,1,2
MA,2506540,Kingston,1,2
MA,2506660,Lawrence,0.9737497775404876,26
MA,2506690,Lee,1,2
MA,2506720,Leicester,1,4
MA,2506750,Lenox,1,2
MA,2506780,Leominster,0.8523391753056304,11
MA,2506810,Leverett,1,1
MA,2506840,Lexington,1,10
MA,2506900,Lincoln,1,3
MA,2506930,Lincoln-Sudbury,0.9836016473231,1
MA,2506960,Littleton,1,4
MA,2506990,Longmeadow,0.9918992262776851,6
MA,2507020,Lowell,0.9765817848022857,28
MA,2507050,Ludlow,0.8983784527161363,4
MA,2507080,Lunenburg,0.8992805755395683,5
MA,2507110,Lynn,0.9889409367218803,25
MA,2507140,Lynnfield,1,5
MA,2507170,Malden,0.7419574732830418,7
MA,2507230,Mansfield,1,5
MA,2507260,Marblehead,1,5
MA,2507290,Marion,1,1
MA,2507320,Marlborough,1,7
MA,2507350,Marshfield,0.9130496567896673,7
MA,2507380,Martha's Vineyard,0.9879518072289156,1
MA,2507410,Masconomet,1,2
MA,2507440,Mashpee,1,4
MA,2507470,Mattapoisett,1,2
MA,2507500,Maynard,0.9478363376020856,3
MA,2507530,Medfield,0.9896373056994818,5
MA,2507560,Medford,0.9879146311379531,8
MA,2507590,Medway,1,4
MA,2507620,Melrose,0.9963005437790006,8
MA,2507680,Mendon-Upton,0.9615384615384616,4
MA,2507740,Methuen,0.9962335216572504,5
MA,2507770,Middleborough,1,5
MA,2507830,Middleton,1,2
MA,2507860,Milford,0.9437361439821063,6
MA,2507890,Millbury,1,3
MA,2507920,Millis,0.9974742371941224,3
MA,2507980,Milton,1,6
MA,2507985,Minuteman Regional Vocational Technical,0.9642857142857143,1
MA,2507990,Mohawk Trail,1,4
MA,2508040,Monson,1,3
MA,2508050,Montachusett Regional Vocational Technical,0.9911894273127754,1
MA,2508160,Mount Greylock,0.9982133196834023,3
MA,2508220,Nahant,1,1
MA,2508250,Nantucket,0.9612374207976148,4
MA,2508280,Narragansett,0.8640776699029126,3
MA,2508310,Nashoba,0.9964730364003135,6
MA,2508320,Nashoba Valley Regional Vocational Technical,0.9693580957265863,1
MA,2508340,Natick,0.9874015972719945,8
MA,2508370,Needham,0.9965775394881011,8
MA,2508430,New Bedford,0.8610504650781232,25
MA,2508440,Greater New Bedford Regional Vocational Technical,0.9794871794871794,1
MA,2508530,New Salem-Wendell,1,1
MA,2508580,Newburyport,0.9975296442687747,4
MA,2508610,Newton,0.9175692310330426,22
MA,2508640,Norfolk,1,2
MA,2508650,Norfolk County Agricultural,0.9661016949152542,1
MA,2508670,North Adams,1,4
MA,2508700,North Andover,0.9974471688090742,8
MA,2508730,North Attleborough,0.8827480040474809,8
MA,2508760,North Brookfield,1,2
MA,2508790,North Middlesex,0.9995903322522972,7
MA,2508820,North Reading,0.9666805494933823,5
MA,2508850,Northampton,0.8127415202250216,6
MA,2508860,Northampton-Smith Vocational Agricultural,0.9827586206896551,1
MA,2508880,Northborough,0.99245169093521,5
MA,2508910,Northboro-Southboro,1,1
MA,2508940,Northbridge,0.7453416233240161,3
MA,2508950,Northern Berkshire Regional Vocational Technical,1,1
MA,2508960,Northeast Metropolitan Regional Vocational Technical,0.9454545454545454,1
MA,2509000,Norton,1,5
MA,2509030,Norwell,0.9944598337950139,4
MA,2509060,Norwood,0.9148873665142068,8
MA,2509090,Edgartown,1,1
MA,2509140,Old Colony Regional Vocational Technical,0.9830508474576272,1
MA,2509150,Old Rochester,1,2
MA,2509180,Orange,1,2
MA,2509210,Orleans,1,1
MA,2509270,Oxford,0.9855876631434196,4
MA,2509300,Palmer,0.9831123870640885,2
MA,2509310,Pathfinder Regional Vocational Technical,1,1
MA,2509360,Peabody,0.8947769506599689,11
MA,2509390,Pelham,1,1
MA,2509420,Pembroke,1,5
MA,2509450,Pentucket,0.994606256800364,6
MA,2509540,Petersham,1,1
MA,2509600,Pioneer Valley,0.9850746268656716,3
MA,2509630,Pittsfield,0.9519857267089095,15
MA,2509690,Plainville,1,2
MA,2509720,Plymouth,0.9967715899919289,12
MA,2509780,Plympton,1,1
MA,2509840,Provincetown,1,1
MA,2509870,Quincy,0.9957115400990815,19
MA,2509900,Ralph C Mahar,0.9824561403508771,1
MA,2509930,Randolph,0.9877326481579303,6
MA,2509990,Reading,0.9969107327314537,9
MA,2510050,Revere,0.9935194251658455,11
MA,2510080,Richmond,1,1
MA,2510140,Rochester,1,1
MA,2510170,Rockland,0.9941568306649526,5
MA,2510200,Rockport,0.8567235460376129,3
MA,2510230,Rowe,1,1
MA,2510380,Salem,0.6973532796317606,11
MA,2510470,Sandwich,0.9903484218272621,4
MA,2510500,Saugus,1,4
MA,2510530,Savoy,1,1
MA,2510560,Scituate,1,6
MA,2510590,Seekonk,0.9801762222486367,4
MA,2510615,Shawsheen Valley Regional Vocational Technical,0.9763089315328122,1
MA,2510620,Sharon,1,5
MA,2510710,Sherborn,0.9276720906685191,1
MA,2510770,Shrewsbury,1,9
MA,2510800,Shutesbury,0.5757575757575758,1
MA,2510830,Silver Lake,1,2
MA,2510860,Somerset,0.8366008475825472,4
MA,2510890,Somerville,0.03134498395678898,11
MA,2510920,South Hadley,0.993114370166929,4
MA,2510930,South Shore Regional Vocational Technical,0.9678456596809379,1
MA,2510950,Southampton,0.9725274740369519,1
MA,2510980,Southborough,0.9906890130353817,4
MA,2511010,Southbridge,0.6341779178063305,6
MA,2511020,Southeastern Regional Vocational Technical,0.9421439788412266,1
MA,2511040,Southern Berkshire,0.9634146341463414,4
MA,2511050,Southern Worcester County Regional Vocational Technical,0.9824561403508771,1
MA,2511060,South Middlesex Regional Vocational Technical,1,1
MA,2511130,Springfield,0.658932442230554,66
MA,2511150,Institutional Schools,0.8850574712643678,5
MA,2511220,Stoneham,0.994960693281614,5
MA,2511250,Stoughton,1,8
MA,2511310,Sturbridge,1,1
MA,2511340,Sudbury,1,5
MA,2511370,Sunderland,0.9585062240663901,1
MA,2511400,Sutton,0.9899598395590393,4
MA,2511430,Swampscott,0.8789457885855512,5
MA,2511460,Swansea,0,6
MA,2511490,Tantasqua,1,3
MA,2511520,Taunton,0.9964342384424754,12
MA,2511580,Tewksbury,1,7
MA,2511670,Topsfield,1,2
MA,2511730,Truro,0.8913043478260869,1
MA,2511735,Tri-County Regional Vocational Technical,0.9764095302714028,1
MA,2511740,Triton,1,5
MA,2511760,Tyngsborough,1,3
MA,2511800,Upper Cape Cod Regional Vocational Technical,0.8734177215189873,1
MA,2511850,Uxbridge,0.937007874015748,3
MA,2511880,Wachusett,0.9978405925367436,13
MA,2511910,Wakefield,1,7
MA,2511940,Wales,1,1
MA,2511970,Walpole,0.9331472684908945,8
MA,2512000,Waltham,0.7419121489801951,10
MA,2512030,Ware,0.9988623663124274,3
MA,2512060,Wareham,1,5
MA,2512100,Quaboag Regional,0.9674267093903737,5
MA,2512180,Watertown,0.9795482402590429,5
MA,2512210,Wayland,1,5
MA,2512240,Webster,0.995711200919068,3
MA,2512270,Wellesley,0.9974336601139455,10
MA,2512300,Wellfleet,1,1
MA,2512390,West Boylston,1,2
MA,2512420,West Bridgewater,0.9816480088089558,4
MA,2512510,West Springfield,0.9941425773906386,9
MA,2512570,Tisbury,1,1
MA,2512600,Westborough,0.9988549352995962,6
MA,2512630,Westfield,0.9793418066377395,12
MA,2512660,Westford,0.9881913830228691,9
MA,2512690,Westhampton,1,1
MA,2512750,Weston,0.9778972457209782,5
MA,2512780,Westport,1,3
MA,2512810,Westwood,0.9958808748512692,8
MA,2512840,Weymouth,0.9785919016522449,11
MA,2512870,Whately,1,1
MA,2512930,Whitman-Hanson,0.9861231569817867,7
MA,2512950,Whittier Regional Vocational Technical,0.980865522174535,1
MA,2512990,Williamsburg,1,1
MA,2513050,Wilmington,0.9325594580626749,8
MA,2513080,Winchendon,0.9113475177304965,6
MA,2513110,Winchester,0.9488764016853931,7
MA,2513170,Winthrop,1,4
MA,2513200,Woburn,0.9940476165297677,10
MA,2513230,Worcester,0.9708380061644375,46
MA,2513260,Worthington,1,1
MA,2513290,Wrentham,0.9877225287067843,2
MA,2513321,Farmington River Reg,0.9583333333333334,1
MA,25SOP01,MASSACHUSETTS DEPARTMENT OF YOUTH SERVICES,1,11
ME,2300008,Fayette Public Schools,1,1
ME,2300009,Long Island Public Schools,1,1
ME,2300049,ME Sch of Science & Mathematics,0.12345678250266774,1
ME,2300050,Arthur R. Gould Sch--LCYDC,0.8,1
ME,2300053,Five Town CSD,0.9649737290708836,1
ME,2300062,East Machias Public Schools,0.888888888888889,1
ME,2300065,Cutler Public Schools,1,1
ME,2300067,Machiasport Public Schools,0.6551723912009519,1
ME,2300068,Whiting Public Schools,0.7142857482993215,1
ME,2302220,Acton Public Schools,0.9375,1
ME,2302280,Alexander Public Schools,1,1
ME,2302500,Airline CSD,0.6538461982248539,1
ME,2302510,Appleton Public Schools,0.9691357426459417,1
ME,2302610,Auburn Public Schools,0.9571183536389821,8
ME,2302640,Augusta Public Schools,0.9801205177130212,6
ME,2302730,Baileyville Public Schools,0.8274760383386581,2
ME,2302820,Bangor Public Schools,0.9893048127579666,10
ME,2302850,Bar Harbor Public Schools,0.9543378985008653,1
ME,2302950,Beals Public Schools,0.9218750012207031,1
ME,2303150,Biddeford Public Schools,0.9590583420723728,5
ME,2303210,Blue Hill Public Schools,0.895833329716435,1
ME,2303290,Boothbay-Boothbay Hbr CSD,0.9621928159204691,2
ME,2303510,Brewer Public Schools,0.9914529914529915,2
ME,2303600,Bristol Public Schools,0.9702380934665532,1
ME,2303610,Brooklin Public Schools,0.6842105090027698,1
ME,2303640,Brooksville Public Schools,0.9431818194731405,1
ME,2303780,Brunswick Public Schools,0.9740688356994923,4
ME,2303870,Calais Public Schools,0.9137931034482759,3
ME,2303930,Cape Elizabeth Public Schools,0.9760726312235192,3
ME,2304080,Castine Public Schools,0.9753086061575996,1
ME,2304110,Caswell Public Schools,0.6774193444328821,1
ME,2304160,Charlotte Public Schools,1,1
ME,2304620,Cranberry Isles Public Schools,0.9130434347826086,1
ME,2304860,Dayton Public Schools,1,1
ME,2304890,Dedham Public Schools,1,1
ME,2304895,Deer Isle-Stonington CSD,0.9727519898432699,2
ME,2305280,East Millinocket Public Schools,0.9173553705347995,2
ME,2305310,Easton Public Schools,0.9798995173859247,2
ME,2305360,Eastport Public Schools,1,2
ME,2305380,East Range CSD,1,1
ME,2305400,Edgecomb Public Schools,1,1
ME,2305500,Ellsworth Public Schools,1,2
ME,2305670,Falmouth Public Schools,0.9787784372923719,3
ME,2305970,Georgetown Public Schools,1,1
ME,2306000,Glenburn Public Schools,0.9696969696969697,1
ME,2306060,Gorham Public Schools,0.9597284986486764,5
ME,2306160,Great Salt Bay CSD,1,1
ME,2306180,Greenbush Public Schools,0.75,1
ME,2306250,Greenville Public Schools,0.9047619047619048,1
ME,2306260,Hancock Public Schools,0.813953488372093,1
ME,2306330,Harmony Public Schools,0.9365079226505421,1
ME,2306510,Hermon Public Schools,0.9321314945082874,3
ME,2306610,Hope Public Schools,0.9734042539044816,1
ME,2306780,Isle Au Haut Public Schools,0.923076923076923,1
ME,2306810,Islesboro Public Schools,0.7803030303030304,1
ME,2306870,Jefferson Public Schools,0.9473684210526315,1
ME,2306900,Jonesboro Public Schools,0.6393442891695785,1
ME,2307100,Jonesport Public Schools,0.8346456692913387,1
ME,2307140,Kittery Public Schools,0.9858223061041805,3
ME,2307250,Lamoine Public Schools,0.8548387096774193,1
ME,2307320,Lewiston Public Schools,0.8153503986310335,7
ME,2307450,Lincolnville Public Schools,0.9754901960784313,1
ME,2307530,Lisbon Public Schools,0.8539325842696629,3
ME,2307590,Frenchboro Public Schools,1,1
ME,2307710,Machias Public Schools,0.8680297397769517,3
ME,2307800,Madawaska Public Schools,1,2
ME,2308160,Medway Public Schools,0.9090909090909091,1
ME,2308250,Milford Public Schools,1,1
ME,2308280,Millinocket Public Schools,0.995402275862069,2
ME,2308340,Monhegan Plt School Dept,1,1
ME,2308400,Moosabec CSD,0.8899999599999999,1
ME,2308490,Mount Desert Public Schools,0.95260663507109,1
ME,2308500,Mt Desert CSD,0.9726277367267835,1
ME,2308940,Nobleboro Public Schools,1,1
ME,2309330,Orrington Public Schools,1,1
ME,2309390,Otis Public Schools,1,1
ME,2309560,Pembroke Public Schools,0.8947368421052632,1
ME,2309630,Penobscot Public Schools,1,1
ME,2309650,Perry Public Schools,1,1
ME,2309930,Portland Public Schools,0.952439238053514,16
ME,2309990,Princeton Public Schools,0.9230769230769231,1
ME,2310380,Saco Public Schools,0.9827483453816515,5
ME,2310500,Sanford Public Schools,0.9767171122895608,5
ME,2310530,Scarborough Public Schools,0.9985632183908046,6
ME,2310590,RSU 11/MSAD 11,0.9759036144578314,6
ME,2310620,RSU 82/MSAD 12,0.9204546022727272,1
ME,2310650,RSU 83/MSAD 13,1,2
ME,2310680,RSU 84/MSAD 14,0.9352941176470588,1
ME,2310710,RSU 15/MSAD 15,1,5
ME,2310770,RSU 17/MSAD 17,0.9555390950886672,10
ME,2310830,RSU 85/MSAD 19,0.9047619047619048,1
ME,2310860,RSU 79/MSAD 01,0.9298245601723607,5
ME,2310890,RSU 86/MSAD 20,0.9778270500145033,2
ME,2310980,RSU 87/MSAD 23,0.9267398731366322,3
ME,2311010,RSU 88/MSAD 24,0.9598539745990731,3
ME,2311100,MSAD 27,0.9565217542533079,3
ME,2311130,RSU 28/MSAD 28,0.9848942600469145,2
ME,2311160,RSU 29/MSAD 29,1,4
ME,2311220,RSU 30/MSAD 30,1,2
ME,2311250,RSU 31/MSAD 31,0.9800399201596807,3
ME,2311280,RSU 32/MSAD 32,0.9555555555555556,1
ME,2311310,RSU 33/MSAD 33,1,2
ME,2311370,RSU 35/MSAD 35,0.9668002232398397,5
ME,2311430,RSU 37/MSAD 37,1,4
ME,2311520,RSU 03/MSAD 03,0.9369202266961768,8
ME,2311550,RSU 40/MSAD 40,0.9553516586392846,7
ME,2311580,RSU 41/MSAD 41,0.9683877772731765,4
ME,2311610,RSU 42/MSAD 42,0.9355670086486343,2
ME,2311670,RSU 44/MSAD 44,0.9840510363773723,4
ME,2311700,RSU 45/MSAD 45,0.9824561396121884,2
ME,2311730,RSU 80/MSAD 04,1,2
ME,2311790,RSU 06/MSAD 06,0.964986000664972,8
ME,2311820,RSU 07/MSAD 07,1,1
ME,2311850,RSU 08/MSAD 08,0.9513274336283185,1
ME,2311910,MSAD 76,1,1
ME,2312100,Education in Unorganized Terr,0.9193548393600416,3
ME,2312140,Sedgwick Public Schools,0.9459459459459459,1
ME,2312300,South Bristol Public Schools,0.8953487723093593,1
ME,2312330,South Portland Public Schools,0.9781189902350786,8
ME,2312360,Southport Public Schools,0.875,1
ME,2312390,Southwest Harbor Public Schools,0.9082568765255448,1
ME,2312750,Surry Public Schools,1,1
ME,2312960,Tremont Public Schools,1,1
ME,2312980,Trenton Public Schools,0.8994974874371859,1
ME,2313110,Vassalboro Public Schools,0.9871134017297268,1
ME,2313140,Veazie Public Schools,1,1
ME,2313350,Waterville Public Schools,0.9648203967065866,4
ME,2313490,Wells-Ogunquit CSD,0.9744463366553578,3
ME,2313500,Wesley Public Schools,1,1
ME,2313530,West Bath Public Schools,0.9230769230769231,1
ME,2313560,Westbrook Public Schools,0.9863574353218969,5
ME,2313860,Winslow Schools,0.9448979988754693,3
ME,2313970,Winthrop Public Schools,0.7701613141150714,3
ME,2313980,Wiscasset Public Schools,0.9393939393939394,2
ME,2314010,Woodland Public Schools,0.923076923076923,1
ME,2314100,Yarmouth Schools,0.9020468034074592,4
ME,2314130,York Public Schools,0.9098360735844374,4
ME,2314160,RSU 52/MSAD 52,0.9753309150060604,6
ME,2314190,RSU 55/MSAD 55,1,3
ME,2314210,RSU 61/MSAD 61,0.9701686059003334,5
ME,2314240,RSU 51/MSAD 51,0.9848790320294208,4
ME,2314300,RSU 58/MSAD 58,0.9669966996699668,4
ME,2314330,RSU 49/MSAD 49,0.9522912737261929,6
ME,2314410,Rsu 65/msad 65,1,1
ME,2314440,RSU 64/MSAD 64,0.9393939379247015,3
ME,2314470,RSU 63/MSAD 63,1,3
ME,2314530,MSAD 46,0.9798994974874372,3
ME,2314560,RSU 59/MSAD 59,0.9368088477597338,3
ME,2314590,RSU 54/MSAD 54,0.9719264331278835,7
ME,2314610,RSU 53/MSAD 53,0.9827882960413081,3
ME,2314670,RSU 57/MSAD 57,0.943037973962506,7
ME,2314700,RSU 60/MSAD 60,0.9391764178977305,7
ME,2314761,RSU 68/MSAD 68,0.9817050859860958,2
ME,2314762,RSU 70/MSAD 70,0.948051948051948,2
ME,2314765,RSU 72/MSAD 72,0.7949080652457042,3
ME,2314767,RSU 74/MSAD 74,0.9387755107038733,4
ME,2314768,RSU 75/MSAD 75,0.9618963307380831,7
ME,2314771,Chebeague Island Public Schools,0.9310344506539845,1
ME,2314772,RSU 01 - LKRSU,0.9442136725972762,6
ME,2314773,RSU 21,0.9495192295557507,6
ME,2314775,RSU 16,1,5
ME,2314776,RSU 02,0.9837837837837838,8
ME,2314777,RSU 67,0.9393939393939394,3
ME,2314778,RSU 26,0.9033078880407125,3
ME,2314779,RSU 18,0.9533398830385091,8
ME,2314780,RSU 12,0.9537572474857167,4
ME,2314782,RSU 34,0.9490445936650574,5
ME,2314783,RSU 04,0.9388753061216356,5
ME,2314784,RSU 23,1,3
ME,2314785,RSU 19,0.816625932966087,5
ME,2314787,RSU 13,0.9110847673323216,6
ME,2314788,RSU 38,0.8421926954890122,6
ME,2314789,RSU 05,0.9907514450867052,6
ME,2314790,RSU 24,0.8935235894621296,5
ME,2314791,RSU 20,0.9354838916406525,3
ME,2314793,RSU 14,1,6
ME,2314794,RSU 39,0.9887514059477098,2
ME,2314795,RSU 10,0.7422680467030046,6
ME,2314796,RSU 25,0.924449114375656,4
ME,2314803,RSU 78,0.9545454545454546,1
ME,2314805,RSU 73,0.9395648675296948,4
ME,2314806,RSU 50,1,1
ME,2314807,Community Regional Charter School,0.9494949500051015,3
ME,2314808,Maine Academy of Natural Sciences,0.6962025316455696,1
ME,2314809,RSU 09,0.9184986487061648,7
ME,2314812,Baxter Academy for Technology and Science,0.5867158671586715,1
ME,2314813,Fiddlehead School of Arts and Sciences,0.4852941102941177,1
ME,2314814,Cherryfield Public Schools,0.7899159327731091,1
ME,2314815,RSU 22,0.9076255418947649,7
ME,2314817,Athens Public Schools,0.9166666666666666,1
ME,2314818,Eustis Public Schools,0.88000002,1
ME,2314819,Maine Connections Academy,0.8617511584446471,1
ME,2314820,St George Public Schools,0.9351852314814815,1
ME,2314821,Maine Virtual Academy,0.979381443298969,1
ME,2314822,RSU 71,0.9696969696969697,7
ME,2314823,Andover Public Schools,1,1
ME,2314824,Northport Public Schools,0.9186991869918699,1
ME,2314831,Acadia Academy,0.7727272727272727,1
ME,2314832,Maine Arts Academy,0.5874125594405594,1
ME,2314833,RSU 56,0.9672131147540983,3
ME,2314837,Sebago Public Schools,1,1
ME,2314838,RSU 89,0.811111111111111,2
ME,2314841,Ecology Learning Center,0.5,1
ME,2314842,Limestone Public Schools,0.858108108108108,1
NH,3300003,John Stark Regional School District,1,1
NH,3300017,Exeter Region Coop School District,1,2
NH,3300030,North Country Charter Academy,1,1
NH,3300031,Seacoast Charter School,0.84,1
NH,3300035,Gorham Randolph Shelburne Coop School District,1,3
NH,3300039,Surry Village Charter School,0.6666666666666666,1
NH,3300040,Academy for Science and Design Charter School,0.6444444444444445,2
NH,3300041,CSI Charter School,1,1
NH,3300042,Strong Foundations Charter School,0.9666666666666667,1
NH,3300043,Ledyard Charter Academy,1,1
NH,3300048,Great Bay Elearning Charter School,0.6315789695290867,2
NH,3300049,Prospect Mountain School District,1,1
NH,3300616,Milton School District,0.9333333327407407,3
NH,3301380,Allenstown School District,0.9712643678160919,2
NH,3301440,Alton School District,1,1
NH,3301470,Amherst School District,0.9806678293556048,2
NH,3301500,Andover School District,1,1
NH,3301560,Ashland School District,1,1
NH,3301590,Auburn School District,0.9588477349320056,1
NH,3301620,Barnstead School District,1,1
NH,3301650,Barrington School District,1,3
NH,3301680,Bartlett School District,0.9537037037037037,1
NH,3301710,Bath School District,1,1
NH,3301740,Bedford School District,1,6
NH,3301860,Berlin School District,0.9300000199999999,3
NH,3301890,Bethlehem School District,0.8695652173913043,1
NH,3301950,Bow School District,0.9859154929577465,3
NH,3302010,Brentwood School District,1,1
NH,3302070,Brookline School District,0.9817184646852201,2
NH,3302100,Campton School District,1,1
NH,3302130,Candia School District,1,1
NH,3302250,Chester School District,1,1
NH,3302280,Chesterfield School District,1,1
NH,3302310,Chichester School District,1,1
NH,3302340,Claremont School District,0.9040920728376973,6
NH,3302400,Colebrook School District,0.82,2
NH,3302460,Concord School District,0.9901442114555724,7
NH,3302480,Contoocook Valley School District,1,11
NH,3302490,Conway School District,0.8737373737373736,5
NH,3302520,Cornish School District,1,1
NH,3302550,Croydon School District,1,1
NH,3302580,Deerfield School District,1,1
NH,3302610,Derry School District,1,8
NH,3302640,Dover School District,0.9809352517985611,5
NH,3302670,Dresden School District,1,2
NH,3302760,Dunbarton School District,0.9339582843612392,1
NH,3302790,East Kingston School District,1,1
NH,3302880,Epping School District,1,3
NH,3302910,Epsom School District,1,1
NH,3302940,Errol School District,1,1
NH,3302970,Exeter School District,1,2
NH,3302990,Fall Mountain Regional School District,1,12
NH,3303000,Farmington School District,0.9337016574585635,3
NH,3303090,Franklin School District,0.9163987138263665,3
NH,3303120,Freedom School District,1,1
NH,3303150,Fremont School District,1,1
NH,3303180,Gilford School District,1,3
NH,3303210,Gilmanton School District,1,1
NH,3303240,Goffstown School District,0.93322203728529185,5
NH,3303271,Virtual Learning Academy Charter School,1,2
NH,3303276,Mason School District,1,1
NH,3303280,Mill Falls Charter School District,0.603448275862069,1
NH,3303286,The Birches Academy for Academics & Art:A Public Charter Sch,0.6,1
NH,3303287,Robert Frost Charter School,0.25,1
NH,3303289,Making Community Connections Charter School,0.6666666666666666,1
NH,3303290,Polaris Charter School,0.5208333116319454,1
NH,3303291,Next Charter School District,0.5882352941176471,1
NH,3303296,Granite State Arts Academy Charter School,0.6666666666666666,1
NH,3303297,Mountain Village Charter School,1,1
NH,3303298,The Founders Academy Charter School District,0.5,2
NH,3303299,Gate City Charter School For the Arts District,0.6666666666666666,1
NH,3303301,Compass Classical Academy Charter School,0.8571428571428571,2
NH,3303302,MicroSociety Academy Charter School of Southern NH,0.7619047619047619,1
NH,3303303,Lempster School District,0.9,1
NH,3303305,LEAF Charter School,0.5714285714285714,1
NH,3303308,Kreiva Academy Public Charter School District,0.5454545454545454,2
NH,3303314,Windham Academy Public Charter School,0.5882352941176471,1
NH,3303315,Spark Academy of Advanced Technologies,0.42857142857142855,1
NH,3303316,Northeast Woodland Chartered Public School,0.6666666666666666,1
NH,3303330,Governor Wentworth Reg School District,1,8
NH,3303360,Grantham School District,1,1
NH,3303420,Greenland School District,1,1
NH,3303480,Hampstead School District,1,2
NH,3303510,Hampton School District,1,3
NH,3303540,Hampton Falls School District,1,1
NH,3303600,Hanover School District,1,1
NH,3303630,Harrisville School District,1,1
NH,3303660,Haverhill Cooperative School District,1,3
NH,3303690,Henniker School District,0.9746835443037974,1
NH,3303720,Hill School District,1,1
NH,3303750,Hillsboro Deering Coop School District,1,3
NH,3303780,Hinsdale School District,1,3
NH,3303810,Holderness School District,1,1
NH,3303840,Hollis School District,1,2
NH,3303850,Hollis/Brookline Coop School District,1,2
NH,3303870,Hooksett School District,0.9896265562318142,3
NH,3303900,Hopkinton School District,1,4
NH,3303930,Hudson School District,0.9377777777777778,6
NH,3303960,Inter-lakes School District,1,4
NH,3303990,Jackson School District,0.8275862128418547,1
NH,3304030,Jaffrey-Rindge Coop School District,0.9910313901345291,4
NH,3304040,Kearsarge Regional School District,1,7
NH,3304050,Keene School District,0.9535116578291774,7
NH,3304080,Kensington School District,1,1
NH,3304140,Laconia School District,0.9691358024691358,5
NH,3304150,Lafayette Regional School District,1,1
NH,3304170,Landaff School District,1,1
NH,3304230,Lebanon School District,1,4
NH,3304260,Lincoln-Woodstock School District,0.9316770094826585,3
NH,3304290,Lisbon Regional School District,1,3
NH,3304350,Litchfield School District,0.951171875,3
NH,3304380,Littleton School District,1,3
NH,3304410,Londonderry School District,1,6
NH,3304500,Lyme School District,1,1
NH,3304560,Madison School District,1,1
NH,3304590,Manchester School District,0.9668805449487852,21
NH,3304620,Marlborough School District,0.9444444444444444,1
NH,3304650,Marlow School District,1,1
NH,3304670,Mascenic Regional School District,0.9772727272727273,3
NH,3304680,Mascoma Valley Reg School District,1,4
NH,3304740,Merrimack School District,0.9969678593362535,6
NH,3304760,Merrimack Valley School District,1,7
NH,3304770,Middleton School District,1,1
NH,3304800,Milan School District,0.7758620689655172,1
NH,3304830,Milford School District,0.9569367694403679,5
NH,3304890,Monadnock Regional School District,1,7
NH,3304920,Monroe School District,0.921875,1
NH,3304950,Mont Vernon School District,1,1
NH,3304960,Moultonborough School District,1,3
NH,3304980,Nashua School District,0.9619289340906748,18
NH,3305010,Nelson School District,1,1
NH,3305040,New Boston School District,0.926829268292683,1
NH,3305070,New Castle School District,1,1
NH,3305190,Newfields School District,1,1
NH,3305220,Newfound Area School District,1,6
NH,3305250,Newington School District,1,1
NH,3305280,Newmarket School District,1,3
NH,3305310,Newport School District,1,3
NH,3305370,North Hampton School District,1,1
NH,3305400,Northumberland School District,0.84375,3
NH,3305430,Northwood School District,1,1
NH,3305460,Nottingham School District,1,1
NH,3305520,Oyster River Coop School District,1,5
NH,3305550,Pelham School District,0.92209631507355,3
NH,3305580,Pembroke School District,1,3
NH,3305670,Piermont School District,0.9511002340672287,1
NH,3305700,Pittsburg School District,0.8235294117647058,2
NH,3305730,Pittsfield School District,0.9018036072144289,3
NH,3305760,Plainfield School District,1,1
NH,3305790,Plymouth School District,1,1
NH,3305820,Portsmouth School District,0.9920159681021191,6
NH,3305830,Profile School District,0.9082758620689655,2
NH,3305880,Raymond School District,1,4
NH,3305940,Rochester School District,1,11
NH,3305970,Rollinsford School District,0.9201823306623529,1
NH,3306000,Rumney School District,1,1
NH,3306030,Rye School District,1,2
NH,3306060,Salem School District,1,8
NH,3306080,Sanborn Regional School District,0.9574618926441821,4
NH,3306150,Seabrook School District,1,2
NH,3306180,Shaker Regional School District,1,4
NH,3306240,Somersworth School District,0.9248008874818585,4
NH,3306260,Souhegan Cooperative School District,0.9858156028368794,1
NH,3306270,South Hampton School District,0.9082568440366972,1
NH,3306330,Stark School District,0.6666666666666666,1
NH,3306360,Stewartstown School District,0.75,1
NH,3306390,Stoddard School District,0.8235293728373714,1
NH,3306420,Strafford School District,1,1
NH,3306450,Stratford School District,0.8888888888888888,1
NH,3306480,Stratham School District,1,1
NH,3306540,Sunapee School District,1,3
NH,3306600,Tamworth School District,0.9957805487012427,1
NH,3306660,Thornton School District,1,1
NH,3306720,Timberlane Regional School District,0.9101123595505618,7
NH,3306750,Unity School District,0.8811880792079207,1
NH,3306780,Wakefield School District,0.8064516129032258,1
NH,3306870,Warren School District,1,1
NH,3306900,Washington School District,1,1
NH,3306910,Waterville Valley School District,1,1
NH,3306930,Weare School District,1,2
NH,3306990,Wentworth School District,1,1
NH,3307020,Westmoreland School District,1,1
NH,3307050,White Mountain Regional School District,1,3
NH,3307115,Wilton-Lyndeboro School District,0.8076922998027612,4
NH,3307140,Winchester School District,1,1
NH,3307170,Windham School District,1,4
NH,3307230,Winnacunnet Coop School District,1,1
NH,3307300,Winnisquam Regional School District,0.9586776863298652,5
NH,3307330,Coe Brown Academy School District,1,1
NH,3307360,Pinkerton Academy School District,1,1
NH,3399923,Haverhill Cooperative SAU Office,1,2
NH,3399965,Pemi-baker Regional School District,1,1
NH,33SOP01,JUVENILE JUSTICE SERVICES - SYSC,1,1
RI,4400001,R.I. Sch for the Deaf,1,1
RI,4400003,MET Career and Tech,0.9047619047619048,1
RI,4400004,Davies Career and Tech,1,1
RI,4400005,Urban Collaborative,1,1
RI,4400006,Learning Community,1,1
RI,4400008,Beacon Charter School,1,2
RI,4400009,DCYF,1,1
RI,4400014,Segue Institute for Learning,1,1
RI,4400015,Blackstone Valley Prep A RI Mayoral Academy,0.9483568075117371,6
RI,4400017,The Greene School,0.9692307692307692,1
RI,4400018,Trinity Academy for the Performing Arts,0.9541284382627724,1
RI,4400019,Rhode Island Nurses Institute Middle College,0.8125,1
RI,4400021,Achievement First Rhode Island,0.7712765957446809,7
RI,4400024,Sheila Skip Nowell Leadership Academy,0.9230769230769231,1
RI,4400025,Village Green Virtual,1,1
RI,4400027,The Hope Academy,1,1
RI,4400028,SouthSide Charter School,1,1
RI,4400029,RISE Prep Mayoral Academy,1,1
RI,4400030,Barrington,0.9871299870195623,6
RI,4400031,Highlander,0.9113924050632911,2
RI,4400032,Paul Cuffee Charter Sch,0.9761620983036449,3
RI,4400033,Kingston Hill Academy,0,1
RI,4400034,International Charter,1,1
RI,4400035,The Compass School,1,1
RI,4400036,Blackstone Academy,1,1
RI,4400037,Charette Charter,1,1
RI,4400038,Nuestro Mundo Public Charter,0.8333332986111125,1
RI,4400039,Providence Preparatory Charter,0.875,1
RI,4400065,Bristol Warren,1,6
RI,4400090,Burrillville,0.9987900726026008,5
RI,4400120,Central Falls,1,6
RI,4400150,Chariho,1,7
RI,4400210,Coventry,1,7
RI,4400240,Cranston,0.9973314831616588,23
RI,4400270,Cumberland,1,9
RI,4400300,East Greenwich,0.9948347108238423,6
RI,4400330,East Providence,1,12
RI,4400360,Exeter-West Greenwich,1,5
RI,4400390,Foster,1,1
RI,4400420,Foster-Glocester,0.9982773729395122,2
RI,4400450,Glocester,1,2
RI,4400510,Jamestown,1,2
RI,4400540,Johnston,1,8
RI,4400570,Lincoln,1,6
RI,4400600,Little Compton,1,1
RI,4400630,Middletown,1,5
RI,4400660,Narragansett,1,3
RI,4400690,New Shoreham,0.9818181818181819,1
RI,4400720,Newport,0.9655172413793104,3
RI,4400750,North Kingstown,0.9931691655902496,8
RI,4400780,North Providence,0.9902114329823247,8
RI,4400810,North Smithfield,1,3
RI,4400840,Pawtucket,0.998337600143009,16
RI,4400870,Portsmouth,0.9886621316478217,4
RI,4400900,Providence,0.9927760408906722,40
RI,4400960,Scituate,0.992292861420176,5
RI,4400990,Smithfield,1,5
RI,4401020,South Kingstown,1,7
RI,4401050,Tiverton,1,5
RI,4401110,Warwick,1,18
RI,4401140,West Warwick,1,6
RI,4401170,Westerly,1,6
RI,4401200,Woonsocket,1,9
VT,5000024,Rivendell Interstate School District,0.8945262794230536,3
VT,5000390,Barstow Unified School District,0.965034965034965,1
VT,5000392,Otter Valley Unified Union School District #53,0.9269102985176766,4
VT,5000393,Mill River Unified School District,1,5
VT,5000395,Essex-Westford Educational Community Unified School District,1,10
VT,5000396,Champlain Valley Unified School District,1,5
VT,5000397,Lamoille North Modified USD #058B,1,2
VT,5000398,Addison Northwest Unified School District,1,3
VT,5000399,Maple Run Unified School District,1,4
VT,5000400,Orange Southwest Unified School District,0.8567164179104477,5
VT,5000401,Lamoille North Modified USD #058A,1,4
VT,5000402,Addison Central Unified School District,0.9934725849799576,9
VT,5000403,Harwood Unified School District,0.9897013388789838,7
VT,5000408,Paine Mountain School District,0.988123515298379,4
VT,5000409,Wells Spring Unified Union School District,1,2
VT,5000410,Montpelier Roxbury Unified Union School District,1,4
VT,5000411,Quarry Valley Unified Union School District #70,1,5
VT,5000412,Caledonia Cooperative Unified School District,1,3
VT,5000417,Taconic and Green Regional School District,1,5
VT,5000418,Twin Valley Unified School District,1,2
VT,5000419,Mettawee School District,1,1
VT,5000421,Kingdom East Unified Union School District,0.9750406944656337,7
VT,5000422,Ludlow Mt. Holly Unified Union School District,1,2
VT,5000423,Rochester Stockbridge Unified School District,1,2
VT,5000425,Mt. Abraham Unified School District,1,6
VT,5000426,White River Unified School District,1,4
VT,5000427,Green Mountain Unified School District,1,3
VT,5000429,First Branch Unified School District,1,2
VT,5000430,Echo Valley Community School District,1,2
VT,5000431,Windham Southeast School District,0.9965373961218836,8
VT,5000432,West River Valley Modified Union Education District #72B,1,1
VT,5000433,Missisquoi Valley School District #89,1,4
VT,5000434,Southwest Vermont Union Elementary School District #87,0.9314281799136873,6
VT,5000435,Champlain Islands Unified Union School District #66,0.8620689655172413,2
VT,5000436,Lake Region Union Elementary Middle School District,0.8853211009174312,6
VT,5000437,Oxbow Unified Union School District #91,1,4
VT,5000438,Orleans Southwest Union Elementary School District #94,1,3
VT,5000439,Washington Central Unified Union School District #92,1,6
VT,5000440,Slate Valley Unified Union School District #62,0.9195837311628832,6
VT,5000441,Northern Mountain Valley Unified Union School District #85,1,4
VT,5000442,Mount Ascutney School District #86,1,2
VT,5000443,Mount Mansfield Unified Union School District #401,1,8
VT,5000444,Enosburgh-Richford Unified Union School District #88,1,4
VT,5000445,Barre Unified Union School District #97,1,3
VT,5000446,Windham Northeast Union Elementary School District #95,1,2
VT,5000447,River Valleys Unified School District #73,1,2
VT,5000448,Lamoille South Unified Union School District #90,1,7
VT,5000449,West River Valley Modified Union Education District #72A,0.9591836738025823,3
VT,5000450,Windsor Central Unified Union School District,0.9786780383795309,6
VT,5001770,Alburg School District,1,1
VT,5001830,Arlington School District,1,2
VT,5002610,Brighton School District,0.911242603550296,1
VT,5002820,Burlington School District,0.9970326409495549,12
VT,5002850,Cabot School District,1,1
VT,5002910,Cambridge School District,1,1
VT,5002940,Canaan School District,0.7407407407407407,1
VT,5003060,Charleston School District,1,1
VT,5003240,Colchester School District,1,5
VT,5003360,Coventry School District,1,1
VT,5003390,Craftsbury Town School District,1,1
VT,5003450,Danville School District,1,1
VT,5003480,Derby School District,1,1
VT,5003930,Fairfax School District,1,2
VT,5004080,Fletcher School District,1,1
VT,5004140,Georgia School District,1,1
VT,5004500,Halifax School District,1,1
VT,5004590,Hartford School District,1,5
VT,5004620,Hartland School District,1,1
VT,5004960,Jay/Westfield Joint Elementary School District,1,1
VT,5005050,Lake Region UHSD #24,1,1
VT,5005220,Lowell School District,0.9844961240310077,1
VT,5005400,Marlboro School District,1,1
VT,5005610,Milton Incorporated School District,0.9180744702613322,3
VT,5005810,Mount Anthony UHSD #14,0.9829059829059829,2
VT,5006000,Newport City School District,1,1
VT,5006030,Newport Town School District,0.8333333333333334,1
VT,5006180,Norwich School District,1,1
VT,5006390,Peacham School District,1,1
VT,5006780,Readsboro School District,1,1
VT,5006930,Rockingham School District,1,3
VT,5007050,Rutland City School District,1,6
VT,5007080,Rutland Town School District,1,1
VT,5007260,Sharon School District,1,1
VT,5007470,South Burlington School District,1,5
VT,5007500,South Hero School District,1,1
VT,5007530,Springfield School District,1,4
VT,5007650,Saint Johnsbury School District,1,1
VT,5007680,Stamford School District,1,1
VT,5007830,Strafford School District,1,1
VT,5008010,Thetford School District,1,1
VT,5008130,Troy School District,0.8888888888888888,1
VT,5008224,Blue Mountain USD #21,1,1
VT,5008225,Twinfield USD #33,1,1
VT,5008242,Waits River Valley USD #36,1,1
VT,5008243,Hazen UHSD #26,1,1
VT,5008246,Bellows Falls UHSD #27,1,1
VT,5008310,Vernon School District,1,1
VT,5008700,Weathersfield School District,1,1
VT,5009270,Windham School District,1,1
VT,5009360,Winooski School District,1,3
VT,5009390,Wolcott School District,1,1
VT,5009570,North Country Junior UHSD #22,1,1
VT,5009600,North Country Senior UHSD #22,0.8983050847457628,1
VT,5099901,Mt. Abraham Unified School District (Supervisory),1,1
