"district","district_code","grades_served","district_type","urbanicity","num_schools","num_high_schools","enrollment_2025","enrollment_change_6yr_pct","n_aian","n_asian","n_black","n_hispanic","n_multiracial","n_white","n_nhpi","pct_aian","pct_aapi","pct_black","pct_hispanic","pct_multiracial","pct_white","pct_lowinc","pct_el","pct_sped","n_ela_prof_3_8","pct_ela_prof_3_8","n_math_prof_3_8","pct_math_prof_3_8","n_ela_prof_9_12","pct_ela_prof_9_12","n_math_prof_9_12","pct_math_prof_9_12","grad_n","grad_rate","pct_chronic_absenteeism","per_pupil_spending","pct_csi_tsi","pct_lang_eo","pct_lang_spanish","pct_lang_indo","pct_lang_aapi","pct_lang_other","pct_fte_cert","retention_n","retention_rate"
"Andover School District",10011,"K-6","Traditional","Rural",1,0,239,0.23,0,0,4,27,4,203,0,0,0,0.02,0.11,0.02,0.85,0.28,0.03,0.13,68,0.63,53,0.49,NA,NA,NA,NA,NA,NA,0.06,22038,0,NA,NA,NA,NA,NA,1,21,0.95
"Ansonia School District",20011,"K-12","Traditional","Suburban",7,4,2404,0.05,3,48,522,1184,111,533,3,0,0.02,0.22,0.49,0.05,0.22,0.64,0.08,0.18,294,0.26,250,0.22,70,0.47,14,0.09,138,0.86,0.23,19869,0.25,0.84,0.13,0.02,0.01,NA,1,152,0.92
"Area Cooperative Educational Services",2440014,"K-12","Regional","Suburban",10,5,1726,-0.06,4,44,567,580,98,430,4,0,0.03,0.33,0.34,0.06,0.25,0.5,0.05,0.49,280,0.31,208,0.23,4,0.12,0,0,NA,NA,0.31,52153,0,NA,NA,NA,NA,NA,0.97,159,0.83
"Ashford School District",30011,"K-8","Traditional","Rural",1,0,351,-0.1,0,4,7,33,10,294,4,0,0.02,0.02,0.09,0.03,0.84,0.39,0.01,0.17,120,0.53,116,0.51,NA,NA,NA,NA,NA,NA,0.06,26212,0,1,0,NA,NA,NA,1,37,0.92
"Avon School District",40011,"K-12","Traditional","Suburban",6,1,3092,-0.03,5,552,184,277,152,1917,5,0,0.18,0.06,0.09,0.05,0.62,0.13,0.03,0.13,1002,0.72,945,0.68,181,0.85,132,0.62,210,0.95,0.11,21328,0,0.73,0.03,0.11,0.11,0.02,1,232,0.94
"Barkhamsted School District",50011,"K-6","Traditional","Rural",3,0,227,0.04,1,1,0,12,9,204,0,0,0,0,0.05,0.04,0.9,0.25,0.01,0.28,63,0.5,62,0.49,NA,NA,NA,NA,NA,NA,0.12,21438,0,0.89,0.04,0.07,NA,NA,1,19,0.95
"Berlin School District",70011,"K-12","Traditional","Suburban",6,2,2634,-0.04,2,116,64,367,68,2016,2,0,0.04,0.02,0.14,0.03,0.77,0.25,0.05,0.17,716,0.62,681,0.59,128,0.68,65,0.35,189,0.95,0.15,22299,0,0.89,0.01,0.1,NA,0,1,213,0.93
"Bethany School District",80011,"K-6","Traditional","Rural",1,0,430,0.16,6,31,11,26,6,351,0,0.01,0.07,0.03,0.06,0.01,0.82,0.13,0.05,0.21,185,0.74,171,0.68,NA,NA,NA,NA,NA,NA,0.09,19107,0,NA,NA,NA,NA,NA,1,26,0.7
"Bethel School District",90011,"K-12","Traditional","Suburban",7,3,3227,0.03,47,233,147,908,128,1751,13,0.01,0.08,0.05,0.28,0.04,0.54,0.33,0.08,0.17,848,0.6,849,0.6,188,0.71,108,0.41,232,0.94,0.08,18624,0,0.8,0.06,0.12,0.02,NA,1,225,0.91
"Bloomfield School District",110011,"K-12","Traditional","Suburban",10,2,1897,-0.14,4,34,1231,344,88,192,4,0,0.02,0.65,0.18,0.05,0.1,0.54,0.05,0.22,254,0.38,186,0.28,74,0.49,12,0.08,125,0.83,0.18,24674,0,0.87,0.08,0.02,NA,0.03,1,160,0.84
"Bolton School District",120011,"K-12","Traditional","Rural",3,2,688,-0.12,0,11,39,76,39,523,0,0,0.02,0.06,0.11,0.06,0.76,0.23,0,0.11,186,0.64,184,0.65,49,0.77,24,0.38,49,0.94,0.1,22301,0,0.92,NA,0.05,NA,0.03,1,58,0.82
"Bozrah School District",130011,"K-8","Traditional","Suburban",1,0,180,-0.05,1,1,1,19,12,145,0,0.01,0.01,0.01,0.11,0.07,0.81,0.35,0.02,0.22,55,0.51,56,0.52,NA,NA,NA,NA,NA,NA,0.11,28086,0,0.83,0.04,0.15,NA,NA,1,16,0.84
"Branford School District",140011,"K-12","Traditional","Suburban",8,3,2567,-0.08,4,160,118,443,137,1702,4,0,0.06,0.05,0.17,0.05,0.66,0.38,0.08,0.15,632,0.56,571,0.51,119,0.67,62,0.35,197,0.91,0.13,25027,0,0.86,0.05,0.05,0.04,0,1,216,0.92
"Brass City Charter School District",2900013,"K-8","Charter","Urban",1,0,401,0.23,0,6,132,227,21,15,0,0,0.01,0.33,0.57,0.05,0.04,0.7,0.04,0.14,112,0.46,76,0.31,NA,NA,NA,NA,NA,NA,0.21,16251,0,NA,NA,NA,NA,NA,0.88,26,0.84
"Bridgeport School District",150011,"K-12","Traditional","Urban",38,9,20022,-0.01,71,324,5349,12226,490,1542,20,0,0.02,0.27,0.61,0.02,0.08,0.87,0.31,0.21,1799,0.21,1338,0.16,370,0.34,110,0.1,1120,0.75,0.33,18922,0.37,0.49,0.37,0.12,0.01,0.02,0.96,1216,0.87
"Bristol School District",170011,"K-12","Traditional","Suburban",31,11,7713,-0.03,6,271,639,2998,488,3306,6,0,0.04,0.08,0.39,0.06,0.43,0.55,0.07,0.22,1648,0.48,1397,0.41,272,0.51,123,0.23,562,0.91,0.18,20882,0,0.82,0.14,0.01,0.02,0,1,497,0.9
"Brookfield School District",180011,"K-12","Traditional","Suburban",3,1,2542,-0.03,24,195,103,466,12,1731,12,0.01,0.08,0.04,0.18,0,0.68,0.24,0.05,0.14,710,0.62,620,0.54,154,0.76,87,0.43,214,0.94,0.04,20908,0,0.87,0.03,0.07,0.03,NA,1,185,0.9
"Brooklyn School District",190011,"K-8","Traditional","Rural",2,0,852,-0.07,1,17,18,104,49,662,1,0,0.02,0.02,0.12,0.06,0.78,0.4,0.02,0.23,266,0.49,277,0.51,0,NA,0,NA,NA,NA,0.08,19247,0,0.96,0.03,0.02,NA,NA,1,70,0.92
"Canterbury School District",220011,"K-8","Traditional","Rural",2,0,512,0.08,0,6,5,62,5,434,0,0,0.01,0.01,0.12,0.01,0.85,0.35,0.03,0.14,166,0.54,168,0.55,0,NA,0,NA,NA,NA,0.09,20623,0,0.96,NA,NA,0.04,NA,1,40,0.93
"Canton School District",230011,"K-12","Traditional","Suburban",4,1,1439,-0.09,0,16,83,103,44,1177,16,0,0.02,0.06,0.07,0.03,0.82,0.2,0.01,0.19,416,0.66,391,0.62,80,0.81,49,0.5,104,0.91,0.14,23009,0,0.97,0.03,NA,0,NA,1,126,0.91
"Capitol Region Education Council",2410014,"K-12","Regional","Suburban",23,11,9091,0.05,12,406,2841,4004,536,1281,12,0,0.05,0.31,0.44,0.06,0.14,0.63,0.1,0.23,1077,0.3,808,0.23,212,0.39,44,0.08,417,0.9,0.28,30781,0.33,NA,NA,NA,NA,NA,1,737,0.92
"Chaplin School District",240011,"K-6","Traditional","Rural",1,0,150,0.07,0,4,4,17,7,119,0,0,0.02,0.02,0.11,0.05,0.79,0.04,0.02,0.21,34,0.44,42,0.55,NA,NA,NA,NA,NA,NA,0.08,26867,0,0.98,0.04,NA,NA,NA,1,18,0.95
"Cheshire School District",250011,"K-12","Traditional","Suburban",12,4,4317,0.03,3,438,152,449,172,3100,3,0,0.1,0.04,0.1,0.04,0.72,0.18,0.04,0.15,1538,0.77,1525,0.77,227,0.8,156,0.55,276,0.94,0.07,20515,0,0.9,0.02,0.03,0.05,0,1,311,0.92
"Clinton School District",270011,"K-12","Traditional","Suburban",3,1,1426,-0.15,0,40,12,376,33,965,0,0,0.03,0.01,0.26,0.02,0.68,0.42,0.12,0.17,304,0.5,339,0.56,87,0.68,39,0.3,115,0.95,0.11,24911,0,0.89,0.02,0.04,0.06,NA,1,135,0.9
"Colchester School District",280011,"K-12","Traditional","Rural",5,2,2101,-0.1,2,40,57,201,99,1701,2,0,0.02,0.03,0.1,0.05,0.81,0.25,0.02,0.19,558,0.58,591,0.62,97,0.68,60,0.42,145,0.94,0.15,21216,0,0.95,0.02,0.02,0.01,NA,1,174,0.9
"Columbia School District",300011,"K-8","Traditional","Rural",1,0,444,0.08,2,2,2,47,20,370,0,0.01,0.01,0.01,0.11,0.05,0.83,0.22,0.01,0.15,145,0.53,130,0.48,NA,NA,NA,NA,NA,NA,0.07,21600,0,1,NA,NA,NA,NA,1,40,0.89
"Cooperative Educational Services",2430014,"K-12","Regional","Urban",7,4,757,-0.12,2,34,171,303,31,213,2,0,0.05,0.23,0.4,0.04,0.28,0.45,0.04,0.41,99,0.38,98,0.37,3,0.5,3,0.5,NA,NA,0.24,38503,0,NA,NA,NA,NA,NA,0.88,97,0.92
"Cornwall School District",310011,"K-8","Traditional","Rural",1,0,86,-0.01,0,0,2,6,2,76,0,0,0,0.02,0.07,0.02,0.88,0.37,0.03,0.03,20,0.5,20,0.5,NA,NA,NA,NA,NA,NA,0.09,34007,0,NA,NA,NA,NA,NA,1,13,0.93
"Coventry School District",320011,"K-12","Traditional","Rural",7,3,1612,-0.04,2,19,13,142,70,1363,2,0,0.01,0.01,0.09,0.04,0.85,0.27,0.01,0.16,528,0.74,457,0.64,88,0.8,57,0.52,97,0.95,0.09,18654,0,0.99,0.01,NA,NA,NA,1,119,0.8
"Cromwell School District",330011,"K-12","Traditional","Suburban",4,1,1841,-0.07,3,95,117,277,110,1236,3,0,0.05,0.06,0.15,0.06,0.67,0.3,0.05,0.14,534,0.61,466,0.53,75,0.68,43,0.39,131,0.94,0.12,20663,0,0.85,0.01,0.13,0.02,NA,0.99,133,0.84
"Danbury School District",340011,"K-12","Traditional","Urban",21,3,11956,0,20,487,735,7897,470,2327,20,0,0.04,0.06,0.66,0.04,0.19,0.56,0.38,0.15,1816,0.33,1631,0.3,298,0.36,99,0.12,702,0.76,0.15,17100,0,0.51,0.36,0.12,0.01,0,1,770,0.88
"Darien School District",350011,"K-12","Traditional","Suburban",7,1,4673,-0.02,2,310,39,352,237,3730,2,0,0.07,0.01,0.08,0.05,0.8,0.02,0.01,0.21,1760,0.84,1746,0.83,331,0.94,276,0.79,318,0.97,0.05,25891,0,0.91,0.03,0.03,0.02,NA,1,401,0.94
"Derby School District",370011,"K-12","Traditional","Suburban",7,3,1311,0.01,0,14,269,597,89,328,14,0,0.02,0.21,0.46,0.07,0.25,0.56,0.06,0.24,207,0.34,144,0.24,30,0.46,6,0.09,87,0.78,0.19,23073,0.25,0.69,0.24,0.05,0.01,0.01,1,115,0.91
"East Granby School District",400011,"K-12","Traditional","Suburban",4,1,880,0.05,0,66,53,74,38,649,0,0,0.07,0.06,0.08,0.04,0.74,0.19,0.03,0.15,292,0.72,243,0.6,53,0.8,31,0.47,48,0.94,0.1,24227,0,0.96,NA,0.03,0.01,NA,1,72,0.88
"East Haddam School District",410011,"K-12","Traditional","Rural",4,2,954,-0.04,3,6,3,68,25,849,0,0,0.01,0,0.07,0.03,0.89,0.27,0.01,0.14,227,0.56,220,0.54,38,0.64,19,0.32,62,0.92,0.09,24690,0,0.95,0.01,0.05,NA,NA,1,94,0.92
"East Hampton School District",420011,"K-12","Traditional","Rural",6,3,1676,-0.09,0,10,23,140,59,1433,10,0,0.01,0.01,0.08,0.04,0.86,0.23,0.01,0.2,465,0.63,428,0.58,95,0.81,41,0.35,144,0.97,0.11,22129,0,0.97,NA,0.03,NA,NA,1,131,0.92
"East Hartford School District",430011,"K-12","Traditional","Urban",15,4,6504,-0.04,19,242,1951,3455,210,613,14,0,0.04,0.3,0.53,0.03,0.09,0.61,0.2,0.24,1043,0.39,902,0.34,203,0.4,107,0.21,422,0.85,0.23,17348,0,0.69,0.24,0.02,0.02,0.03,1,478,0.89
"East Haven School District",440011,"K-12","Traditional","Suburban",8,1,2857,-0.01,4,90,182,1232,106,1239,4,0,0.03,0.06,0.43,0.04,0.43,0.59,0.14,0.2,434,0.38,328,0.29,90,0.43,41,0.2,199,0.83,0.17,18985,0,0.79,0.15,0.05,0,NA,0.94,214,0.87
"East Lyme School District",450011,"K-12","Traditional","Suburban",7,2,2500,-0.07,6,231,46,271,158,1782,6,0,0.09,0.02,0.11,0.06,0.71,0.25,0.04,0.21,697,0.69,642,0.63,192,0.82,114,0.49,235,0.94,0.08,23370,0,0.89,0.02,0.05,0.05,0,1,217,0.9
"East Windsor School District",470011,"K-12","Traditional","Suburban",4,2,1035,-0.04,1,73,141,277,62,480,1,0,0.07,0.14,0.27,0.06,0.46,0.58,0.06,0.2,226,0.51,193,0.43,28,0.48,13,0.22,51,0.86,0.16,25949,0,0.94,0.06,NA,NA,NA,1,85,0.85
"Eastford School District",390011,"K-8","Traditional","Rural",1,0,173,0.15,0,2,2,15,12,143,0,0,0.01,0.01,0.09,0.07,0.83,0.25,0.02,0.2,65,0.64,56,0.55,NA,NA,NA,NA,NA,NA,0.09,22285,0,1,NA,NA,NA,NA,0.98,17,0.94
"Easton School District",460011,"K-8","Traditional","Rural",2,0,894,0.01,0,64,32,90,45,663,0,0,0.07,0.04,0.1,0.05,0.74,0.07,0.04,0.19,436,0.75,455,0.78,NA,NA,NA,NA,NA,NA,0.08,22599,0,0.9,0.02,0.07,0.01,NA,1,68,0.83
"EdAdvance",2420014,"9-12","Regional","Rural",6,3,263,-0.01,5,5,21,101,14,117,0,0.02,0.02,0.08,0.38,0.05,0.44,0.67,0.02,0.39,11,0.52,4,0.5,4,0.5,4,0.5,NA,NA,0.47,59528,NA,NA,NA,NA,NA,NA,0.95,21,0.84
"Ellington School District",480011,"K-12","Traditional","Suburban",8,4,2526,-0.06,49,278,128,233,49,1789,0,0.02,0.11,0.05,0.09,0.02,0.71,0.24,0.02,0.18,799,0.69,793,0.68,134,0.76,87,0.49,183,0.93,0.11,19106,0,0.92,0.05,0.02,NA,NA,1,199,0.92
"Elm City Montessori School District",2910013,"K-8","Charter","Urban",1,0,312,0.36,0,7,82,88,30,105,0,0,0.02,0.26,0.28,0.1,0.34,0.02,0.03,0.17,53,0.42,42,0.33,NA,NA,NA,NA,NA,NA,0.14,17804,0,NA,NA,NA,NA,NA,1,17,0.94
"Enfield School District",490011,"K-12","Traditional","Suburban",19,5,4694,-0.07,4,100,317,1126,298,2844,4,0,0.02,0.07,0.24,0.06,0.61,0.51,0.04,0.21,907,0.46,760,0.39,179,0.57,93,0.3,369,0.9,0.18,18781,0,0.9,0.05,0.03,0.01,0.01,1,327,0.76
"Essex School District",500011,"K-6","Traditional","Suburban",1,0,308,-0.07,0,2,2,37,11,255,2,0,0.01,0.01,0.12,0.04,0.83,0.21,0.03,0.29,100,0.67,99,0.66,NA,NA,NA,NA,NA,NA,0.07,27679,0,0.97,0,NA,NA,0.02,1,34,0.97
"Fairfield School District",510011,"K-12","Traditional","Suburban",21,4,9139,-0.06,6,543,313,1319,536,6417,6,0,0.06,0.03,0.14,0.06,0.7,0.18,0.04,0.2,2999,0.73,2986,0.72,586,0.83,374,0.53,775,0.95,0.09,24113,0,0.89,0.02,0.06,0.01,0.02,1,761,0.93
"Farmington School District",520011,"K-12","Traditional","Suburban",9,2,4195,0.01,5,1037,195,530,274,2149,5,0,0.25,0.05,0.13,0.07,0.51,0.2,0.06,0.13,1504,0.76,1436,0.72,256,0.8,198,0.62,292,0.96,0.08,19986,0,0.75,0.04,0.08,0.14,0,0.99,289,0.86
"Franklin School District",530011,"K-8","Traditional","Rural",1,0,188,0.17,2,0,2,15,17,152,0,0.01,0,0.01,0.08,0.09,0.81,0.27,0,0.12,58,0.57,55,0.54,0,NA,0,NA,NA,NA,0.05,19849,0,1,NA,NA,NA,NA,1,14,0.88
"Glastonbury School District",540011,"K-12","Traditional","Suburban",11,3,5696,-0.02,7,842,187,738,374,3548,0,0,0.15,0.03,0.13,0.07,0.62,0.15,0.04,0.14,1881,0.73,1898,0.74,343,0.81,243,0.57,426,0.97,0.08,21545,0,0.8,0.07,0.04,0.09,0.01,1,420,0.93
"Goodwin University Educational Services (GUES)",2310018,"K-12","Traditional","Urban",2,1,1223,Inf,4,31,383,596,68,137,4,0,0.03,0.31,0.49,0.06,0.11,0.57,0.13,0.17,101,0.24,65,0.15,47,0.45,12,0.11,86,0.82,0.29,20132,0.5,NA,NA,NA,NA,NA,1,66,0.65
"Granby School District",560011,"K-12","Traditional","Suburban",5,2,1709,-0.05,3,48,131,122,52,1350,3,0,0.03,0.08,0.07,0.03,0.79,0.17,0.01,0.17,532,0.68,443,0.57,106,0.8,70,0.53,136,0.94,0.12,20961,0,0.93,0.02,0.05,NA,NA,1,120,0.82
"Greenwich School District",570011,"K-12","Traditional","Suburban",17,3,8465,-0.06,10,724,144,2042,541,4995,10,0,0.09,0.02,0.24,0.06,0.59,0.2,0.05,0.16,2882,0.79,2805,0.78,559,0.86,414,0.64,627,0.96,0.1,27791,0,0.76,0.11,0.07,0.05,0,0.96,738,0.94
"Griswold School District",580011,"K-12","Traditional","Rural",4,2,1823,0.03,10,42,61,273,129,1299,10,0.01,0.03,0.03,0.15,0.07,0.71,0.54,0.02,0.21,346,0.48,261,0.36,83,0.6,25,0.18,102,0.83,0.23,19279,0.33,1,NA,NA,NA,NA,1,123,0.87
"Groton School District",590011,"K-12","Traditional","Rural",10,4,4009,-0.06,27,238,295,1063,535,1840,11,0.01,0.06,0.07,0.27,0.13,0.46,0.68,0.04,0.21,870,0.48,760,0.42,131,0.59,71,0.32,235,0.88,0.2,20055,0,0.88,0.07,0.03,0.02,NA,1,327,0.92
"Guilford School District",600011,"K-12","Traditional","Suburban",8,2,3080,-0.05,0,129,18,305,176,2434,18,0,0.05,0.01,0.1,0.06,0.79,0.14,0.02,0.16,1024,0.75,969,0.71,181,0.83,123,0.57,261,0.96,0.1,22568,0,0.94,0.01,0.02,0.02,0.02,1,252,0.94
"Hamden School District",620011,"K-12","Traditional","Suburban",22,3,5464,-0.01,6,364,1782,1630,373,1304,6,0,0.07,0.33,0.3,0.07,0.24,0.46,0.09,0.2,962,0.4,807,0.34,186,0.48,71,0.18,402,0.84,0.21,23244,0,0.84,0.07,0.01,0.01,0.07,1,388,0.9
"Hampton School District",630011,"K-6","Traditional","Rural",1,0,74,-0.18,0,3,3,3,3,62,0,0,0.04,0.04,0.04,0.04,0.84,0.49,0,0.3,15,0.52,15,0.52,NA,NA,NA,NA,NA,NA,0.16,28863,0,0.79,0.15,0.06,NA,NA,1,7,0.78
"Hartford School District",640011,"K-12","Traditional","Urban",59,15,16434,-0.13,61,765,4686,9431,498,973,20,0,0.05,0.29,0.57,0.03,0.06,0.77,0.26,0.21,1352,0.2,1262,0.19,279,0.32,136,0.16,1001,0.79,0.36,23095,0.33,0.6,0.36,0.03,0,0.02,0.98,1035,0.82
"Hartland School District",650011,"K-8","Traditional","Rural",1,0,123,-0.22,0,0,0,8,8,108,0,0,0,0,0.06,0.06,0.88,0.05,0,0.19,46,0.57,45,0.56,NA,NA,NA,NA,NA,NA,0.06,31190,0,0.98,0.04,NA,NA,NA,1,17,0.94
"Hebron School District",670011,"K-6","Traditional","Rural",2,0,681,0.03,5,10,5,35,28,598,0,0.01,0.01,0.01,0.05,0.04,0.88,0.17,0,0.15,248,0.69,231,0.64,NA,NA,NA,NA,NA,NA,0.07,19816,0,0.98,0.03,NA,NA,NA,1,55,0.87
"Highville Charter School District",2860013,"K-12","Charter","Urban",1,1,499,0.08,2,0,411,72,11,2,2,0,0,0.82,0.14,0.02,0,0.71,0.01,0.1,74,0.32,41,0.18,6,0.5,6,0.5,14,0.82,0.24,13203,0,NA,NA,NA,NA,NA,0.57,23,0.88
"Integrated Day Charter School District",2640013,"K-8","Charter","Urban",1,0,364,0.03,20,48,42,90,20,145,0,0.05,0.13,0.12,0.25,0.05,0.4,0.53,0.07,0.11,117,0.51,81,0.35,NA,NA,NA,NA,NA,NA,0.13,14835,0,NA,NA,NA,NA,NA,1,22,0.85
"Jumoke Academy District",2610013,"K-12","Charter","Urban",1,1,571,-0.19,2,0,528,39,2,0,0,0,0,0.92,0.07,0,0,0.01,0.02,0.08,72,0.22,63,0.2,0,NA,0,NA,NA,NA,0.2,17124,0,NA,NA,NA,NA,NA,0.71,22,0.73
"Kent School District",680011,"K-8","Traditional","Rural",1,0,180,-0.12,0,3,3,24,11,139,0,0,0.02,0.02,0.13,0.06,0.77,0.27,0.02,0.16,68,0.64,65,0.61,NA,NA,NA,NA,NA,NA,0.13,31348,0,NA,NA,NA,NA,NA,1,28,1
"Killingly School District",690011,"K-12","Traditional","Rural",5,1,2392,-0.04,4,44,51,317,165,1807,4,0,0.02,0.02,0.13,0.07,0.76,0.51,0.03,0.21,432,0.43,297,0.3,117,0.62,31,0.16,129,0.85,0.2,20989,0,0.9,0.04,0.06,0,NA,1,178,0.88
"Learn",2450014,"K-12","Regional","Suburban",9,7,1390,-0.45,20,20,117,547,192,494,0,0.01,0.01,0.08,0.39,0.14,0.36,0.59,0.09,0.19,85,0.39,55,0.26,77,0.71,44,0.4,101,0.97,0.19,24012,0,NA,NA,NA,NA,NA,1,99,0.79
"Lebanon School District",710011,"K-12","Traditional","Rural",4,2,968,-0.02,6,10,11,87,25,823,6,0.01,0.02,0.01,0.09,0.03,0.85,0.28,0.01,0.19,239,0.66,215,0.6,39,0.56,21,0.3,69,0.83,0.12,23517,0,0.9,0.04,0.04,0.03,NA,1,93,0.96
"Ledyard School District",720011,"K-12","Traditional","Rural",6,2,2347,-0.03,36,62,68,342,229,1604,6,0.02,0.03,0.03,0.15,0.1,0.68,0.29,0.02,0.2,523,0.5,482,0.46,136,0.78,66,0.38,182,0.94,0.14,18092,0,0.96,0.01,0.01,0.02,NA,1,170,0.87
"Lisbon School District",730011,"K-8","Traditional","Rural",1,0,422,0,5,5,9,51,32,320,0,0.01,0.01,0.02,0.12,0.08,0.76,0.36,0.02,0.22,123,0.48,113,0.44,0,NA,0,NA,NA,NA,0.15,19301,0,0.96,0.04,NA,NA,NA,1,32,0.84
"Madison School District",760011,"K-12","Traditional","Suburban",5,1,2445,-0.07,2,79,19,180,130,2032,2,0,0.03,0.01,0.07,0.05,0.83,0.05,0.01,0.17,881,0.81,868,0.8,155,0.85,112,0.61,202,0.95,0.05,25829,0,0.94,0.01,0.03,0.02,NA,1,220,0.92
"Manchester School District",770011,"K-12","Traditional","Suburban",16,5,6122,-0.03,35,516,1504,2239,256,1558,14,0.01,0.09,0.25,0.37,0.04,0.25,0.62,0.09,0.21,934,0.36,750,0.29,160,0.44,63,0.17,368,0.84,0.22,20321,0.1,0.81,0.08,0.05,0.02,0.03,1,479,0.83
"Mansfield School District",780011,"K-8","Traditional","Rural",2,0,966,-0.15,2,121,36,188,36,581,2,0,0.13,0.04,0.19,0.04,0.6,0.32,0.08,0.14,418,0.67,398,0.64,NA,NA,NA,NA,NA,NA,0.07,25984,0,0.85,0.02,0.04,0.09,0.01,1,84,0.88
"Marlborough School District",790011,"K-6","Traditional","Rural",1,0,458,0.02,2,12,2,43,10,388,0,0.01,0.03,0.01,0.09,0.02,0.85,0.19,0.01,0.13,170,0.69,174,0.7,NA,NA,NA,NA,NA,NA,0.07,19607,0,0.8,0.18,NA,0.02,NA,1,37,0.95
"Meriden School District",800011,"K-12","Traditional","Suburban",32,12,8707,0.07,8,146,1009,5422,456,1659,8,0,0.02,0.12,0.62,0.05,0.19,0.78,0.2,0.22,1864,0.48,1715,0.44,249,0.42,87,0.15,545,0.86,0.22,16646,0,0.7,0.27,0.01,0.03,NA,1,549,0.92
"Middletown School District",830011,"K-12","Traditional","Urban",20,5,4394,-0.05,12,218,921,1134,441,1656,12,0,0.05,0.21,0.26,0.1,0.38,0.52,0.07,0.19,774,0.4,572,0.29,125,0.45,43,0.15,288,0.9,0.25,24962,0,0.87,0.07,0.04,0.01,0.01,1,315,0.87
"Milford School District",840011,"K-12","Traditional","Suburban",16,5,5218,-0.07,4,402,253,883,263,3408,4,0,0.08,0.05,0.17,0.05,0.65,0.31,0.03,0.19,1303,0.59,1321,0.6,269,0.72,148,0.4,398,0.92,0.14,25639,0,0.89,0.03,0.03,0.05,0,1,455,0.93
"Monroe School District",850011,"K-12","Traditional","Suburban",7,3,3458,0.1,4,194,128,596,139,2393,4,0,0.06,0.04,0.17,0.04,0.69,0.13,0.02,0.17,1140,0.74,975,0.63,211,0.79,126,0.47,254,0.96,0.07,19719,0,0.88,0.04,0.04,0.04,NA,1,242,0.94
"Montville School District",860011,"K-12","Traditional","Rural",7,2,2001,-0.03,9,119,94,335,256,1179,9,0,0.06,0.05,0.17,0.13,0.59,0.44,0.05,0.21,477,0.49,448,0.46,80,0.59,33,0.24,106,0.89,0.17,21162,0,0.88,0.02,0.07,0.03,0.01,1,174,0.93
"Naugatuck School District",880011,"K-12","Traditional","Suburban",13,3,4095,-0.06,6,88,532,1685,200,1577,6,0,0.02,0.13,0.41,0.05,0.39,0.58,0.14,0.2,776,0.43,577,0.32,112,0.39,35,0.12,302,0.88,0.19,17922,0,0.75,0.07,0.16,0,0.01,0.99,272,0.89
"New Beginnings Inc Family Academy District",2800013,"K-6","Charter","Urban",1,0,431,-0.15,0,0,233,187,6,6,0,0,0,0.54,0.43,0.01,0.01,0.9,0.12,0.11,44,0.37,29,0.25,NA,NA,NA,NA,NA,NA,0.39,18485,0,NA,NA,NA,NA,NA,0.79,25,0.76
"New Britain School District",890011,"K-12","Traditional","Suburban",28,5,10038,-0.01,6,206,1067,6857,558,1338,6,0,0.02,0.11,0.68,0.06,0.13,0.76,0.2,0.25,753,0.17,631,0.14,152,0.27,39,0.07,469,0.71,0.32,19901,0.29,0.55,0.32,0.08,0.01,0.05,1,641,0.89
"New Canaan School District",900011,"K-12","Traditional","Suburban",6,2,4060,-0.04,6,303,55,278,219,3194,6,0,0.08,0.01,0.07,0.05,0.79,0,0,0.14,1608,0.88,1611,0.88,275,0.93,222,0.75,304,0.96,0.04,26175,0,0.89,0,0.06,0.04,0,1,323,0.91
"New Fairfield School District",910011,"K-12","Traditional","Suburban",5,3,2123,-0.03,4,31,48,408,70,1557,4,0,0.02,0.02,0.19,0.03,0.73,0.19,0.04,0.19,615,0.67,604,0.66,141,0.79,96,0.54,176,0.97,0.11,22155,0,0.89,0.1,0.01,NA,NA,1,164,0.89
"New Hartford School District",920011,"K-6","Traditional","Rural",3,0,433,-0.01,1,1,0,27,16,388,0,0,0,0,0.06,0.04,0.9,0.17,0.01,0.25,152,0.65,129,0.55,NA,NA,NA,NA,NA,NA,0.06,21588,0,0.98,0.02,NA,NA,NA,1,35,0.95
"New Haven School District",930011,"K-12","Traditional","Urban",53,15,18817,-0.09,35,810,5928,9506,728,1803,7,0,0.04,0.32,0.51,0.04,0.1,0.76,0.24,0.16,1833,0.24,1328,0.17,368,0.32,135,0.12,1102,0.72,0.32,21371,0.16,0.6,0.32,0.06,0,0.02,0.98,1299,0.87
"New London School District",950011,"K-12","Traditional","Urban",10,4,2918,-0.15,15,35,492,1712,316,342,6,0.01,0.01,0.17,0.59,0.11,0.12,0.84,0.32,0.23,287,0.23,158,0.12,33,0.18,18,0.1,186,0.78,0.29,23663,0.25,0.49,0.42,0.05,0.02,0.01,0.97,234,0.8
"New Milford School District",960011,"K-12","Traditional","Suburban",6,2,3532,-0.11,3,126,118,956,94,2232,3,0,0.04,0.03,0.27,0.03,0.63,0.31,0.09,0.18,676,0.44,555,0.37,159,0.6,72,0.27,284,0.87,0.15,20708,0,0.86,0.08,0.03,0.03,NA,1,281,0.89
"Newington School District",940011,"K-12","Traditional","Suburban",8,2,3855,-0.04,5,407,229,1043,205,1961,5,0,0.11,0.06,0.27,0.05,0.51,0.37,0.09,0.17,934,0.55,799,0.47,183,0.63,101,0.35,322,0.95,0.12,21922,0,0.71,0.11,0.14,0.04,0,1,290,0.92
"Newtown School District",970011,"K-12","Traditional","Suburban",12,2,3924,-0.06,4,85,95,556,69,3111,4,0,0.02,0.02,0.14,0.02,0.79,0.15,0.02,0.16,1241,0.7,1260,0.71,218,0.78,133,0.47,336,0.97,0.09,22491,0,0.84,0.11,0.04,0.01,NA,1,309,0.89
"Norfolk School District",980011,"K-6","Traditional","Rural",1,0,61,-0.18,0,0,0,4,4,53,0,0,0,0,0.07,0.07,0.87,0.1,0.05,0.26,9,0.47,9,0.47,NA,NA,NA,NA,NA,NA,0.09,49304,0,1,0.01,NA,NA,NA,1,7,0.78
"North Branford School District",990011,"K-12","Traditional","Suburban",5,2,1546,-0.09,12,32,12,166,52,1272,0,0.01,0.02,0.01,0.11,0.03,0.82,0.26,0.01,0.14,430,0.6,388,0.54,70,0.69,41,0.41,99,0.98,0.09,23080,0,0.96,0.01,NA,0.01,0.02,0.99,136,0.92
"North Canaan School District",1000011,"K-8","Traditional","Rural",1,0,245,-0.03,0,0,6,46,6,186,0,0,0,0.03,0.19,0.03,0.76,0.45,0.06,0.14,90,0.62,82,0.56,NA,NA,NA,NA,NA,NA,0.09,25170,0,NA,NA,NA,NA,NA,1,27,0.93
"North Haven School District",1010011,"K-12","Traditional","Suburban",7,2,3214,0.01,70,279,178,467,70,2151,0,0.02,0.09,0.06,0.15,0.02,0.67,0.24,0.06,0.15,1008,0.7,903,0.63,140,0.67,89,0.42,218,0.94,0.1,19720,0,0.86,0.07,0.05,0.01,0,1,258,0.95
"North Stonington School District",1020011,"K-12","Traditional","Rural",2,1,726,-0.03,3,6,6,42,16,650,3,0,0.01,0.01,0.06,0.02,0.9,0.19,0,0.14,202,0.66,209,0.69,40,0.82,20,0.42,44,0.94,0.14,20659,0,NA,NA,NA,NA,NA,1,72,0.89
"Norwalk School District",1030011,"K-12","Traditional","Suburban",25,7,11473,-0.02,35,415,1505,6578,425,2505,10,0,0.04,0.13,0.57,0.04,0.22,0.52,0.23,0.19,2031,0.43,1737,0.37,457,0.54,226,0.27,942,0.93,0.18,22245,0.05,0.56,0.37,0.06,0.01,0,0.95,794,0.86
"Norwich School District",1040011,"K-12","Traditional","Urban",16,3,3291,-0.08,7,192,630,1301,285,864,12,0,0.06,0.19,0.4,0.09,0.26,0.77,0.25,0.23,552,0.27,376,0.19,0,NA,0,NA,NA,NA,0.21,23566,0.22,0.8,0.11,0.05,0.04,NA,0.99,226,0.78
"Odyssey Community School District",2630013,"K-8","Charter","Suburban",1,0,410,0.25,15,105,92,86,15,97,0,0.04,0.26,0.22,0.21,0.04,0.24,0.4,0.09,0.13,119,0.55,111,0.51,NA,NA,NA,NA,NA,NA,0.1,15234,0,NA,NA,NA,NA,NA,1,29,0.91
"Old Saybrook School District",1060011,"K-12","Traditional","Suburban",3,1,1030,-0.14,0,41,4,159,35,786,4,0,0.04,0,0.15,0.03,0.76,0.23,0.08,0.16,283,0.69,236,0.57,55,0.78,30,0.42,78,0.95,0.08,27652,0,0.84,0.09,0.05,0.01,NA,1,102,0.86
"Orange School District",1070011,"K-6","Traditional","Suburban",4,0,1254,0.01,0,169,31,116,57,881,0,0,0.13,0.02,0.09,0.05,0.7,0.15,0.06,0.11,513,0.73,488,0.7,NA,NA,NA,NA,NA,NA,0.06,19558,0,0.83,0.02,0.07,0.06,0.02,1,93,0.86
"Oxford School District",1080011,"K-12","Traditional","Rural",7,3,1622,-0.06,4,46,45,205,34,1284,4,0,0.03,0.03,0.13,0.02,0.79,0.18,0.02,0.17,521,0.7,435,0.58,71,0.61,47,0.41,125,0.94,0.12,21221,0,0.91,0.09,NA,NA,NA,1,132,0.93
"Plainfield School District",1090011,"K-12","Traditional","Rural",5,1,1886,-0.13,17,26,73,108,60,1594,8,0.01,0.02,0.04,0.06,0.03,0.85,0.57,0.01,0.2,375,0.45,321,0.38,67,0.46,17,0.12,110,0.81,0.2,20655,0,0.91,0.06,NA,0.02,NA,NA,137,0.81
"Plainville School District",1100011,"K-12","Traditional","Suburban",6,2,2223,-0.06,4,58,136,567,103,1351,4,0,0.03,0.06,0.26,0.05,0.61,0.45,0.08,0.16,553,0.56,522,0.54,104,0.61,46,0.27,160,0.94,0.16,21283,0,0.87,0.04,0.05,0.04,0.01,1,173,0.87
"Plymouth School District",1110011,"K-12","Traditional","Suburban",5,2,1244,-0.09,10,10,24,220,72,907,0,0.01,0.01,0.02,0.18,0.06,0.73,0.51,0.04,0.26,240,0.42,215,0.38,58,0.71,23,0.28,101,0.94,0.2,20751,0,0.9,0.09,0,NA,NA,1,101,0.87
"Pomfret School District",1120011,"K-8","Traditional","Rural",1,0,333,-0.14,0,4,4,19,8,298,0,0,0.01,0.01,0.06,0.02,0.89,0.23,0.01,0.17,133,0.61,152,0.7,NA,NA,NA,NA,NA,NA,0.08,22226,0,0.98,0.02,0,NA,NA,1,27,0.75
"Portland School District",1130011,"K-12","Traditional","Suburban",6,2,1250,-0.05,10,10,57,219,62,893,0,0.01,0.01,0.05,0.18,0.05,0.71,0.29,0.04,0.23,368,0.65,322,0.58,55,0.68,36,0.45,63,0.85,0.12,21741,0,0.99,NA,0.01,NA,NA,1,95,0.82
"Preston School District",1140011,"K-8","Traditional","Rural",2,0,432,-0.01,4,8,8,41,16,352,4,0.01,0.03,0.02,0.09,0.04,0.81,0.3,0.02,0.16,155,0.59,124,0.47,0,NA,0,NA,NA,NA,0.13,23641,0,0.98,0.02,NA,NA,NA,1,37,0.95
"Putnam School District",1160011,"K-12","Traditional","Rural",4,2,1176,0,2,14,17,214,82,845,2,0,0.01,0.01,0.18,0.07,0.72,0.58,0.05,0.2,222,0.41,160,0.3,36,0.61,11,0.19,54,0.93,0.2,19790,0.33,0.89,0.1,0.02,NA,NA,1,78,0.8
"Redding School District",1170011,"K-8","Traditional","Rural",2,0,855,0.02,2,19,10,106,27,690,2,0,0.02,0.01,0.12,0.03,0.81,0.09,0.02,0.17,418,0.75,428,0.77,NA,NA,NA,NA,NA,NA,0.1,29247,0,0.9,0.05,0.04,0.01,NA,1,77,0.93
"Regional School District 10",2100012,"K-12","Regional","Rural",4,1,2140,-0.05,0,18,5,173,437,1502,5,0,0.01,0,0.08,0.2,0.7,0.16,0.02,0.17,626,0.65,580,0.6,117,0.74,65,0.41,145,0.97,0.11,20164,0,0.93,0.01,0.02,0,0.04,1,157,0.9
"Regional School District 12",2120012,"K-12","Regional","Rural",5,2,798,0.13,0,4,4,91,30,669,0,0,0.01,0.01,0.11,0.04,0.84,0.19,0.02,0.13,202,0.71,189,0.66,89,0.86,55,0.53,74,0.95,0.11,31218,0,0.77,0.18,0.03,0.02,NA,1,78,0.88
"Regional School District 13",2130012,"K-12","Regional","Rural",7,3,1339,-0.12,7,18,7,117,40,1150,0,0.01,0.01,0.01,0.09,0.03,0.86,0.17,0.01,0.22,380,0.62,298,0.49,60,0.78,40,0.52,86,0.94,0.11,28300,0,1,0,0,NA,NA,0.99,123,0.94
"Regional School District 14",2140012,"K-12","Regional","Rural",5,2,1561,-0.02,2,12,23,250,56,1216,2,0,0.01,0.01,0.16,0.04,0.78,0.2,0.01,0.19,376,0.65,333,0.57,131,0.71,76,0.41,152,0.96,0.09,24147,0,0.93,0.02,0.05,NA,0,1,125,0.89
"Regional School District 15",2150012,"K-12","Regional","Suburban",8,2,3368,-0.08,2,159,76,353,123,2652,2,0,0.05,0.02,0.1,0.04,0.79,0.14,0.02,0.19,950,0.59,991,0.61,166,0.71,101,0.43,259,0.97,0.09,24519,0,0.94,0.02,0,0.03,0.01,1,269,0.92
"Regional School District 16",2160012,"K-12","Regional","Suburban",4,1,1898,-0.09,16,16,79,231,60,1495,0,0.01,0.01,0.04,0.12,0.03,0.79,0.26,0.02,0.17,559,0.66,552,0.65,107,0.72,62,0.42,139,0.93,0.08,20848,0,0.79,0.16,0.04,0,NA,1,150,0.9
"Regional School District 17",2170012,"K-12","Regional","Rural",6,2,1716,-0.12,11,22,11,86,57,1529,0,0.01,0.01,0.01,0.05,0.03,0.89,0.16,0.01,0.18,594,0.71,548,0.66,107,0.86,61,0.49,133,0.96,0.05,25947,0,0.98,0.02,NA,NA,NA,1,144,0.87
"Regional School District 18",2180012,"K-12","Regional","Rural",6,2,1281,-0.01,0,37,8,88,54,1094,0,0,0.03,0.01,0.07,0.04,0.85,0.15,0.03,0.15,421,0.77,410,0.75,79,0.92,61,0.71,104,0.95,0.1,24634,0,0.93,0.03,0.03,0,NA,1,106,0.87
"Regional School District 20",2200012,"K-12","Regional","Rural",8,2,1619,Inf,8,8,21,111,42,1430,0,0,0,0.01,0.07,0.03,0.88,0.26,0.01,0.19,468,0.7,414,0.62,105,0.72,54,0.37,NA,NA,0.12,NA,NA,NA,NA,NA,NA,NA,NA,NA,NA
"Ridgefield School District",1180011,"K-12","Traditional","Rural",21,4,4484,-0.05,5,287,33,429,216,3509,5,0,0.07,0.01,0.1,0.05,0.78,0.08,0.02,0.19,1603,0.79,1589,0.78,315,0.9,232,0.66,350,0.96,0.05,25292,0,0.81,0.03,0.14,0.02,NA,1,337,0.91
"Rocky Hill School District",1190011,"K-12","Traditional","Suburban",7,3,2539,-0.06,1,775,114,317,107,1224,1,0,0.31,0.04,0.12,0.04,0.48,0.23,0.11,0.15,838,0.7,793,0.67,139,0.76,99,0.54,170,0.95,0.09,20343,0,0.63,0.05,0.17,0.09,0.05,1,205,0.94
"Salem School District",1210011,"K-8","Traditional","Rural",1,0,392,-0.07,2,2,6,38,23,320,0,0.01,0.01,0.02,0.1,0.06,0.82,0.24,0.01,0.16,135,0.54,123,0.5,0,NA,0,NA,NA,NA,0.13,20816,0,0.96,0.04,NA,NA,NA,1,27,0.82
"Salisbury School District",1220011,"K-8","Traditional","Rural",1,0,288,0.01,0,2,11,28,24,221,2,0,0.01,0.04,0.1,0.08,0.77,0.23,0.02,0.18,128,0.72,126,0.71,NA,NA,NA,NA,NA,NA,0.12,27587,0,NA,NA,NA,NA,NA,0.97,31,0.89
"Scotland School District",1230011,"K-6","Traditional","Rural",1,0,96,-0.09,0,0,6,6,0,85,0,0,0,0.06,0.06,0,0.89,0.06,0.03,0.27,22,0.5,22,0.5,NA,NA,NA,NA,NA,NA,0.1,24010,0,NA,NA,NA,NA,NA,1,10,0.77
"Seymour School District",1240011,"K-12","Traditional","Suburban",4,1,2103,-0.03,0,81,168,470,56,1328,0,0,0.04,0.08,0.22,0.03,0.63,0.51,0.07,0.18,486,0.52,493,0.53,97,0.65,41,0.28,121,0.86,0.16,18869,0,0.88,0.08,0.04,NA,NA,1,148,0.96
"Sharon School District",1250011,"K-8","Traditional","Rural",1,0,97,-0.06,0,0,2,14,2,79,0,0,0,0.02,0.14,0.02,0.81,0.06,0.03,0.21,23,0.49,23,0.49,NA,NA,NA,NA,NA,NA,0.06,47607,0,NA,NA,NA,NA,NA,1,17,0.85
"Shelton School District",1260011,"K-12","Traditional","Urban",15,3,4518,-0.03,5,237,458,1131,192,2490,5,0,0.05,0.1,0.25,0.04,0.55,0.37,0.08,0.18,1083,0.52,1139,0.55,194,0.66,115,0.39,292,0.92,0.11,19042,0,0.84,0.06,0.09,0.01,NA,1,304,0.94
"Sherman School District",1270011,"K-8","Traditional","Rural",1,0,231,-0.16,0,2,2,19,16,193,0,0,0.01,0.01,0.08,0.07,0.84,0.03,0,0.1,100,0.72,91,0.66,NA,NA,NA,NA,NA,NA,0.12,27183,0,0.88,0.04,0.08,NA,NA,1,28,0.88
"Side By Side Charter School District",2700013,"K-8","Charter","Suburban",1,0,236,0,0,8,52,144,8,23,0,0,0.04,0.22,0.61,0.04,0.1,0.61,0.19,0.07,73,0.56,65,0.5,NA,NA,NA,NA,NA,NA,0.09,16296,0,NA,NA,NA,NA,NA,1,13,0.76
"Simsbury School District",1280011,"K-12","Traditional","Suburban",8,2,4127,0.01,2,259,259,463,230,2913,2,0,0.06,0.06,0.11,0.06,0.71,0.17,0.02,0.18,1516,0.79,1422,0.74,241,0.83,161,0.56,305,0.96,0.09,20807,0,0.93,0.02,0.03,0.02,NA,1,303,0.9
"Somers School District",1290011,"K-12","Traditional","Rural",3,1,1347,0,8,8,33,101,29,1169,0,0.01,0.01,0.02,0.07,0.02,0.87,0,0.01,0.15,369,0.57,334,0.51,50,0.71,35,0.5,105,0.92,0.09,21032,0,0.99,0.01,NA,NA,NA,1,121,0.92
"South Windsor School District",1320011,"K-12","Traditional","Suburban",9,3,5125,0.13,8,1783,301,556,235,2234,8,0,0.35,0.06,0.11,0.05,0.44,0.18,0.09,0.13,1706,0.71,1660,0.69,281,0.77,201,0.55,309,0.97,0.08,18218,0,0.72,0.03,0.14,0.12,0,1,385,0.93
"Southington School District",1310011,"K-12","Traditional","Suburban",24,5,6200,-0.02,2,317,156,841,324,4558,2,0,0.05,0.03,0.14,0.05,0.74,0.27,0.04,0.17,1831,0.67,1822,0.67,340,0.7,176,0.36,449,0.91,0.1,18965,0,0.88,0.01,0.07,0.02,0.01,1,462,0.9
"Sprague School District",1330011,"K-8","Traditional","Rural",1,0,265,-0.05,3,3,3,45,37,173,0,0.01,0.01,0.01,0.17,0.14,0.65,0.55,0.01,0.19,59,0.35,39,0.23,NA,NA,NA,NA,NA,NA,0.19,19606,0,0.97,0.01,0.02,NA,NA,NA,19,0.83
"Stafford School District",1340011,"K-12","Traditional","Rural",4,1,1266,-0.13,8,8,16,118,41,1076,0,0.01,0.01,0.01,0.09,0.03,0.85,0.41,0.01,0.21,251,0.45,223,0.4,72,0.79,42,0.46,101,0.98,0.13,23428,0,0.98,0,NA,0,0.01,1,107,0.88
"Stamford School District",1350011,"K-12","Traditional","Urban",31,8,16185,-0.03,28,926,2056,8805,550,3808,12,0,0.06,0.13,0.54,0.03,0.24,0.54,0.19,0.17,2530,0.36,2272,0.33,540,0.51,248,0.23,1056,0.8,0.19,23201,0,0.56,0.33,0.08,0.02,0.01,1,1152,0.87
"Sterling School District",1360011,"K-8","Traditional","Rural",1,0,310,-0.15,3,3,3,24,30,248,0,0.01,0.01,0.01,0.08,0.1,0.8,0.44,0.01,0.22,81,0.43,66,0.35,0,NA,0,NA,NA,NA,0.2,20211,0,1,NA,NA,NA,NA,1,24,0.77
"Stonington School District",1370011,"K-12","Traditional","Rural",7,4,1722,-0.13,2,24,15,127,109,1444,2,0,0.01,0.01,0.07,0.06,0.84,0.26,0.01,0.17,535,0.72,502,0.67,103,0.8,52,0.4,128,0.93,0.14,25567,0,0.96,NA,0.03,0,0,1,154,0.91
"Stratford School District",1380011,"K-12","Traditional","Suburban",23,5,6578,-0.04,8,140,1743,2875,234,1571,7,0,0.02,0.26,0.44,0.04,0.24,0.5,0.12,0.19,1017,0.36,834,0.29,269,0.49,73,0.13,560,0.91,0.17,20911,0.08,0.81,0.11,0.05,0.02,0.01,0.99,443,0.88
"Suffield School District",1390011,"K-12","Traditional","Rural",4,1,2027,-0.05,7,88,83,191,3,1652,3,0,0.04,0.04,0.09,0,0.81,0.15,0.03,0.17,583,0.63,623,0.68,98,0.72,58,0.42,192,0.96,0.1,20794,0,0.94,0.01,0.03,0.02,NA,1,147,0.87
"Thomaston School District",1400011,"K-12","Traditional","Suburban",4,2,777,-0.09,0,18,14,95,28,622,0,0,0.02,0.02,0.12,0.04,0.8,0.4,0.02,0.16,191,0.51,149,0.39,27,0.68,10,0.25,43,0.96,0.14,21747,0,0.95,0.05,NA,NA,NA,1,59,0.88
"Thompson School District",1410011,"K-12","Traditional","Rural",4,2,826,-0.17,4,12,4,73,32,700,0,0.01,0.01,0.01,0.09,0.04,0.85,0.46,0.02,0.22,214,0.52,192,0.47,30,0.64,13,0.27,54,0.9,0.14,24079,0,0.92,0.05,0.01,0.01,NA,0.98,68,0.91
"Tolland School District",1420011,"K-12","Traditional","Rural",5,2,2144,-0.09,2,72,63,215,83,1706,2,0,0.03,0.03,0.1,0.04,0.8,0.17,0.01,0.17,648,0.7,649,0.7,126,0.75,81,0.48,183,0.97,0.1,20365,0,0.97,0.02,NA,0.01,NA,1,159,0.89
"Torrington School District",1430011,"K-12","Traditional","Rural",10,2,3911,0.01,8,163,259,1688,83,1703,7,0,0.04,0.07,0.43,0.02,0.44,0.66,0.17,0.2,790,0.43,571,0.31,117,0.46,45,0.17,207,0.76,0.18,21305,0,0.84,0.13,0,0.03,0,1,289,0.89
"Trumbull School District",1440011,"K-12","Traditional","Suburban",13,4,6943,0.02,10,759,513,1440,215,3999,7,0,0.11,0.07,0.21,0.03,0.58,0.2,0.05,0.15,2365,0.75,2310,0.73,447,0.8,279,0.5,529,0.96,0.07,19452,0,0.83,0.02,0.12,0.02,0,1,472,0.93
"Union School District",1450011,"K-8","Traditional","Rural",1,0,49,0.07,0,0,0,NA,NA,46,0,NA,NA,NA,NA,NA,NA,2,0,1,4,0.57,4,0.57,NA,NA,NA,NA,NA,NA,0.2,25429,0,NA,NA,NA,NA,NA,0.95,6,0.67
"Vernon School District",1460011,"K-12","Traditional","Suburban",11,3,3236,0.03,1,223,346,801,306,1558,1,0,0.07,0.11,0.25,0.09,0.48,0.56,0.04,0.2,740,0.55,607,0.45,113,0.48,55,0.24,224,0.89,0.13,19243,0,0.91,0.03,0.04,0.01,0.01,1,246,0.86
"Voluntown School District",1470011,"K-8","Traditional","Rural",1,0,217,-0.18,0,2,2,12,8,190,2,0,0.02,0.01,0.06,0.04,0.88,0.36,0.05,0.16,65,0.55,63,0.53,NA,NA,NA,NA,NA,NA,0.11,23596,0,1,NA,NA,NA,NA,1,23,0.85
"Wallingford School District",1480011,"K-12","Traditional","Suburban",23,5,5241,-0.08,7,227,97,1176,199,3529,6,0,0.04,0.02,0.22,0.04,0.67,0.36,0.08,0.19,1166,0.52,1056,0.48,253,0.64,114,0.29,378,0.91,0.12,23520,0,0.84,0.09,0.05,0.02,0,NA,444,0.92
"Waterbury School District",1510011,"K-12","Traditional","Urban",60,9,18776,0,77,291,3871,11972,766,1799,0,0,0.02,0.21,0.64,0.04,0.1,0.79,0.21,0.21,2258,0.27,1574,0.19,339,0.29,120,0.1,1082,0.86,0.26,20266,0.14,0.61,0.3,0.05,0.01,0.02,0.99,1154,0.91
"Waterford School District",1520011,"K-12","Traditional","Suburban",10,2,2281,-0.08,6,114,59,356,141,1598,7,0,0.05,0.03,0.16,0.06,0.7,0.33,0.06,0.18,563,0.56,577,0.58,140,0.77,104,0.58,161,0.91,0.11,23838,0,0.98,0,0.01,0,0,1,196,0.95
"Watertown School District",1530011,"K-12","Traditional","Suburban",7,3,2528,-0.07,5,31,108,361,98,1920,5,0,0.01,0.04,0.14,0.04,0.76,0.42,0.05,0.18,546,0.46,509,0.43,98,0.59,45,0.27,177,0.87,0.15,20737,0,0.76,0.11,0.11,NA,0.02,1,192,0.91
"West Hartford School District",1550011,"K-12","Traditional","Urban",22,5,9128,-0.04,18,939,727,1972,560,4894,18,0,0.1,0.08,0.22,0.06,0.54,0.29,0.09,0.19,2660,0.66,2505,0.62,543,0.79,380,0.55,687,0.92,0.1,21708,0,0.78,0.11,0.05,0.05,0.01,1,678,0.89
"West Haven School District",1560011,"K-12","Traditional","Suburban",12,3,5950,0.01,15,344,1412,2496,280,1397,6,0,0.06,0.24,0.42,0.05,0.23,0.57,0.23,0.2,1111,0.43,1019,0.4,177,0.38,50,0.11,459,0.89,0.26,18600,0,0.68,0.2,0.03,0.01,0.08,1,452,0.91
"Westbrook School District",1540011,"K-12","Traditional","Suburban",4,2,592,-0.12,0,6,6,161,13,407,0,0,0.01,0.01,0.27,0.02,0.69,0.41,0.16,0.16,147,0.59,164,0.66,24,0.55,19,0.44,48,0.94,0.08,33851,0,NA,NA,NA,NA,NA,0.99,70,0.85
"Weston School District",1570011,"K-12","Traditional","Suburban",4,1,2101,-0.08,15,129,15,199,178,1565,0,0.01,0.06,0.01,0.09,0.08,0.74,0.02,0.01,0.15,788,0.83,772,0.81,151,0.91,120,0.72,174,0.96,0.04,27531,0,0.86,0.03,0.07,0.04,0.01,1,170,0.9
"Westport School District",1580011,"K-12","Traditional","Suburban",12,2,5281,-0.01,2,332,109,452,385,3999,2,0,0.06,0.02,0.09,0.07,0.76,0.03,0.01,0.15,1936,0.81,1906,0.8,367,0.91,304,0.75,409,0.96,0.07,26864,0,0.9,0.03,0.05,0.02,0,1,447,0.91
"Wethersfield School District",1590011,"K-12","Traditional","Suburban",10,2,3471,-0.04,7,186,163,757,157,2195,6,0,0.06,0.05,0.22,0.05,0.63,0.26,0.1,0.16,916,0.59,774,0.5,188,0.64,87,0.3,259,0.95,0.07,19741,0,0.89,0.03,0.08,0,NA,1,234,0.88
"Willington School District",1600011,"K-8","Traditional","Rural",2,0,376,-0.14,4,8,4,42,19,299,0,0.01,0.02,0.01,0.11,0.05,0.8,0.36,0.01,0.2,118,0.52,119,0.53,NA,NA,NA,NA,NA,NA,0.06,27211,0,NA,NA,NA,NA,NA,1,37,0.8
"Wilton School District",1610011,"K-12","Traditional","Suburban",6,3,3782,-0.02,4,417,36,270,242,2809,4,0,0.11,0.01,0.07,0.06,0.74,0.06,0.02,0.18,1322,0.8,1339,0.81,263,0.93,221,0.78,307,0.98,0.05,24558,0,0.94,0.01,0.03,0.02,NA,1,289,0.9
"Winchester School District",1620011,"K-6","Traditional","Rural",2,0,599,0.04,1,9,20,93,25,450,1,0,0.02,0.03,0.16,0.04,0.75,0.58,0.06,0.2,135,0.42,128,0.4,NA,NA,NA,NA,NA,NA,0.26,23080,0,0.89,0.09,NA,0.01,NA,0.95,48,0.86
"Windham School District",1630011,"K-12","Traditional","Rural",14,3,3153,-0.06,4,28,102,2287,73,654,4,0,0.01,0.03,0.73,0.02,0.21,0.73,0.32,0.21,462,0.3,413,0.27,36,0.35,14,0.13,130,0.8,0.32,23352,0.29,0.64,0.37,NA,NA,NA,0.96,245,0.86
"Windsor Locks School District",1650011,"K-12","Traditional","Suburban",6,3,1448,-0.09,3,91,178,263,95,815,3,0,0.06,0.12,0.18,0.07,0.56,0.49,0.08,0.21,244,0.41,218,0.37,48,0.5,13,0.14,94,0.89,0.22,23662,0,0.86,0.05,0.06,0.04,NA,1,139,0.85
"Windsor School District",1640011,"K-12","Traditional","Suburban",7,2,3266,-0.02,4,111,1349,827,295,676,4,0,0.04,0.41,0.25,0.09,0.21,0.5,0.04,0.22,621,0.46,528,0.39,112,0.44,54,0.21,253,0.85,0.18,22687,0,0.93,0.03,0.01,0.01,0.02,1,277,0.87
"Wolcott School District",1660011,"K-12","Traditional","Suburban",8,2,2100,-0.04,2,55,96,387,61,1496,2,0,0.03,0.05,0.18,0.03,0.71,0.35,0.06,0.17,607,0.65,568,0.61,87,0.62,41,0.29,148,0.9,0.07,18475,0,0.93,0.02,0.04,0.01,0.01,0.67,184,0.93
"Woodbridge School District",1670011,"K-6","Traditional","Suburban",1,0,862,0.02,10,129,10,86,61,565,0,0.01,0.15,0.01,0.1,0.07,0.66,0.13,0.07,0.13,396,0.8,396,0.8,NA,NA,NA,NA,NA,NA,0.1,20283,0,0.86,0.01,0.04,0.06,0.03,1,69,0.93
"Woodstock School District",1690011,"K-8","Traditional","Rural",2,0,756,-0.08,0,2,2,48,40,663,0,0,0,0,0.06,0.05,0.88,0.25,0.01,0.16,271,0.53,203,0.4,0,NA,0,NA,NA,NA,0.12,19818,0,0.99,0.01,NA,NA,NA,1,54,0.89
"Achievement First Bridgeport Academy District",2850013,"K-12","Charter","Urban",1,1,1090,-0.02,5,5,570,474,14,22,0,0,0,0.52,0.43,0.01,0.02,0.74,0.15,0.14,210,0.4,115,0.22,30,0.64,11,0.23,43,0.9,0.27,14616,0,NA,NA,NA,NA,NA,0.94,29,0.54
"Achievement First Hartford Academy District",2880013,"K-12","Charter","Urban",1,1,907,-0.22,12,4,690,183,15,4,0,0.01,0,0.76,0.2,0.02,0,0.8,0.06,0.11,192,0.44,118,0.27,14,0.29,8,0.17,56,0.82,0.16,17688,0,NA,NA,NA,NA,NA,0.96,39,0.59
"Amistad Academy District",2790013,"K-12","Charter","Urban",1,1,1105,0,6,13,665,393,21,6,0,0.01,0.01,0.6,0.36,0.02,0.01,0.79,0.13,0.09,203,0.38,151,0.28,28,0.58,6,0.13,57,0.9,0.28,14491,0,NA,NA,NA,NA,NA,0.96,63,0.59
"Booker T. Washington Academy District",2950013,"K-8","Charter","Urban",1,0,404,-0.04,0,3,302,75,19,3,3,0,0.01,0.75,0.19,0.05,0.01,0.92,0.04,0.1,100,0.39,78,0.31,NA,NA,NA,NA,NA,NA,0.2,19545,0,NA,NA,NA,NA,NA,0.96,14,0.54
"Canaan School District",210011,"K-8","Traditional","Rural",1,0,70,0.04,2,2,0,2,2,61,2,0.03,0.05,0,0.03,0.03,0.87,0.37,0.04,0.17,18,0.49,18,0.49,NA,NA,NA,NA,NA,NA,0.1,34312,0,NA,NA,NA,NA,NA,1,11,0.73
"Capital Preparatory Harbor School District",2970013,"K-12","Charter","Urban",1,1,775,0.02,3,3,501,262,3,3,0,0,0,0.65,0.34,0,0,0.69,0.1,0.08,135,0.38,74,0.21,30,0.56,7,0.13,38,0.95,0.17,13123,0,NA,NA,NA,NA,NA,0.61,22,0.58
"Chester School District",260011,"K-6","Traditional","Suburban",1,0,198,0.06,0,4,0,17,4,173,0,0,0.02,0,0.09,0.02,0.87,0.28,0.02,0.14,75,0.65,71,0.61,NA,NA,NA,NA,NA,NA,0.09,27164,0,NA,NA,NA,NA,NA,1,21,0.91
"Colebrook School District",290011,"K-6","Traditional","Rural",1,0,61,-0.18,0,0,0,3,3,55,0,0,0,0,0.05,0.05,0.9,0.31,0,0.25,19,0.51,19,0.51,NA,NA,NA,NA,NA,NA,0,34174,0,0.95,0.05,NA,NA,NA,1,11,0.92
"Deep River School District",360011,"K-6","Traditional","Suburban",1,0,189,-0.2,0,0,2,19,2,165,2,0,0.01,0.01,0.1,0.01,0.87,0.32,0.05,0.18,69,0.63,72,0.66,NA,NA,NA,NA,NA,NA,0.09,29208,0,NA,NA,NA,NA,NA,1,21,0.88
"Elm City College Preparatory School District",2890013,"K-12","Charter","Urban",1,1,760,-0.01,0,0,454,277,16,6,6,0,0.01,0.6,0.36,0.02,0.01,0.78,0.12,0.12,137,0.38,106,0.29,17,0.53,6,0.19,40,0.77,0.26,16606,0,NA,NA,NA,NA,NA,1,27,0.59
"Stamford Charter School for Excellence District",2960013,"K-8","Charter","Urban",1,0,543,0.37,2,118,219,170,16,15,2,0,0.22,0.4,0.31,0.03,0.03,0.56,0.13,0.06,261,0.77,249,0.74,NA,NA,NA,NA,NA,NA,0.06,11220,0,NA,NA,NA,NA,NA,0.95,15,0.68
"Unified School District #2",3470015,"7-12","Stage agency","Urban",1,1,80,-0.16,0,0,20,27,6,27,0,0,0,0.25,0.34,0.07,0.34,0,0.04,0.89,9,0.53,9,0.53,6,0.5,6,0.5,NA,NA,0.3,NA,0,NA,NA,NA,NA,NA,NA,29,0.91
"Eastern Connecticut Regional Educational Service Center (EASTCONN)",2530014,"7-12","Regional",NA,4,4,367,-0.23,0,0,15,76,35,241,0,0,0,0.04,0.21,0.1,0.66,0.42,0.02,0.42,0,NA,0,NA,45,0.59,7,0.09,38,0.83,0.4,48835,0,NA,NA,NA,NA,NA,NA,48,0.94
"Interdistrict School for Arts and Comm District",2650013,"K-8","Charter","Urban",1,0,328,0.18,2,2,51,191,36,45,0,0.01,0.01,0.16,0.58,0.11,0.14,0.68,0.16,0.2,157,0.51,102,0.33,NA,NA,NA,NA,NA,NA,0.15,17438,0,NA,NA,NA,NA,NA,0.96,17,0.71
"Park City Prep Charter School District",2830013,"K-8","Charter","Urban",1,0,434,0.2,3,3,190,206,7,25,0,0.01,0.01,0.44,0.47,0.02,0.06,0.7,0.15,0.09,177,0.43,115,0.29,NA,NA,NA,NA,NA,NA,0.19,16727,0,NA,NA,NA,NA,NA,1,15,0.71
"Great Oaks Charter School District",2940013,"7-12","Charter","Urban",1,1,662,0.19,8,19,275,328,8,25,0,0.01,0.03,0.42,0.5,0.01,0.04,0.82,0.19,0.17,63,0.25,46,0.18,26,0.34,8,0.11,49,0.74,0.31,17851,0,NA,NA,NA,NA,NA,0.9,24,0.6
"Regional School District 04",2040012,"7-12","Regional","Rural",3,2,646,-0.25,4,7,4,64,24,543,0,0.01,0.01,0.01,0.1,0.04,0.84,0.27,0.02,0.19,117,0.63,108,0.58,76,0.73,37,0.36,136,0.96,0.15,29496,0,NA,NA,NA,NA,NA,1,60,0.88
"Regional School District 05",2050012,"7-12","Regional","Rural",7,3,2138,-0.02,36,329,36,246,101,1390,0,0.02,0.15,0.02,0.12,0.05,0.65,0.17,0.02,0.14,542,0.73,512,0.69,259,0.81,168,0.53,337,0.97,0.05,22897,0,NA,NA,NA,NA,NA,1,170,0.89
"Regional School District 07",2070012,"7-12","Regional","Rural",7,6,818,-0.21,4,8,4,41,13,749,0,0,0.01,0,0.05,0.02,0.92,0.26,0.01,0.23,143,0.65,126,0.58,87,0.74,44,0.37,125,0.98,0.16,27204,0,NA,NA,NA,NA,NA,1,79,0.86
"Regional School District 08",2080012,"7-12","Regional","Rural",2,1,1075,-0.24,1,11,12,102,36,912,1,0,0.01,0.01,0.09,0.03,0.85,0.19,0,0.15,211,0.61,194,0.57,145,0.82,88,0.5,207,0.94,0.14,25449,0,NA,NA,NA,NA,NA,1,113,0.9
"Regional School District 11",2110012,"7-12","Regional","Rural",2,2,194,-0.06,3,3,3,21,3,160,0,0.02,0.02,0.02,0.11,0.02,0.82,0.55,0.02,0.26,34,0.51,24,0.36,9,0.5,9,0.5,11,1,0.17,29861,0,NA,NA,NA,NA,NA,1,21,0.88
"The Bridge Academy District",2690013,"7-12","Charter","Urban",1,1,281,0,0,2,140,127,7,2,2,0,0.02,0.5,0.45,0.02,0.01,0.85,0.05,0.17,34,0.36,16,0.17,22,0.48,6,0.13,37,0.92,0.25,18035,0,NA,NA,NA,NA,NA,1,16,0.94
"The Gilbert School District",9020022,"7-12","Traditional","Rural",1,1,452,-0.03,0,17,14,95,24,302,0,0,0.04,0.03,0.21,0.05,0.67,0.56,0.03,0.15,68,0.38,56,0.31,35,0.6,9,0.16,53,0.84,0.23,NA,1,NA,NA,NA,NA,NA,1,36,0.88
"Regional School District 01",2010012,"9-12","Regional","Rural",2,2,356,-0.02,0,2,2,45,17,289,0,0,0.01,0.01,0.13,0.05,0.81,0.3,0.04,0.15,0,NA,0,NA,55,0.66,40,0.48,55,0.95,0.28,37138,0,NA,NA,NA,NA,NA,1,31,0.79
"Common Ground High School District",2680013,"9-12","Charter","Urban",1,1,221,-0.01,2,2,72,103,7,34,0,0.01,0.01,0.33,0.47,0.03,0.15,0.64,0.07,0.29,NA,NA,NA,NA,22,0.5,10,0.22,37,0.72,0.48,23566,1,NA,NA,NA,NA,NA,0.93,19,0.73
"Connecticut Technical Education and Career System",9000016,"9-12","Regional CTE","Suburban",17,17,11296,0.03,16,85,1405,4990,583,4201,16,0,0.01,0.12,0.44,0.05,0.37,0.49,0.06,0.17,NA,NA,NA,NA,888,0.35,244,0.1,2517,0.97,0.16,29656,0.29,NA,NA,NA,NA,NA,0.97,1055,0.92
"Explorations District",2720013,"9-12","Charter","Rural",1,1,77,-0.17,0,0,6,10,6,55,0,0,0,0.08,0.13,0.08,0.71,0.58,0,0.38,NA,NA,NA,NA,11,0.52,3,0.14,15,0.65,0.41,19094,0,NA,NA,NA,NA,NA,1,10,0.83
"Norwich Free Academy District",9010022,"9-12","Traditional","Urban",4,4,2097,-0.07,21,143,389,611,108,819,6,0.01,0.07,0.19,0.29,0.05,0.39,0.59,0.15,0.12,NA,NA,NA,NA,252,0.51,88,0.18,478,0.89,0.3,NA,0,NA,NA,NA,NA,NA,0.99,142,0.89
"Regional School District 09",2090012,"9-12","Regional","Rural",1,1,712,-0.18,0,37,13,77,28,557,0,0,0.05,0.02,0.11,0.04,0.78,0.11,0,0.15,NA,NA,NA,NA,134,0.81,98,0.59,184,0.95,0.16,30920,0,NA,NA,NA,NA,NA,1,64,0.9
"Regional School District 19",2190012,"9-12","Regional","Rural",3,3,1061,-0.04,13,73,36,152,13,774,0,0.01,0.07,0.03,0.14,0.01,0.73,0.3,0.02,0.19,NA,NA,NA,NA,176,0.76,103,0.44,254,0.94,0.15,22736,0,NA,NA,NA,NA,NA,0.98,94,0.92
"The Woodstock Academy District",9030022,"9-12","Traditional","Rural",3,3,1022,-0.08,3,68,26,82,26,814,3,0,0.07,0.03,0.08,0.03,0.8,0.04,0,0.09,NA,NA,NA,NA,182,0.67,92,0.34,227,0.96,0.17,NA,0,NA,NA,NA,NA,NA,1,59,0.84
"Unified School District #1",3360015,"9-12","Stage agency","Suburban",11,11,145,-0.08,0,4,63,61,4,14,0,0,0.02,0.43,0.42,0.02,0.1,1,0.09,0.85,NA,NA,NA,NA,NA,NA,NA,NA,NA,0.04,0.21,NA,NA,NA,NA,NA,NA,NA,NA,75,0.82
