District Name,District Code,School Name,School Code,Account Index,Drop Flag,Final Category,Support Type,Distinction
Andover School District,0010011,Andover Elementary School,0010111,72.94,,2,,
Ansonia School District,0020011,Ansonia High School,0026111,65.40,Yes,3,,
Ansonia School District,0020011,Ansonia Middle School,0025111,53.57,,3,,
Ansonia School District,0020011,Mead School,0020311,64.03,,3,,
Ansonia School District,0020011,Prendergast School,0020811,64.56,,4,Focus,
Ashford School District,0030011,Ashford School,0030111,67.72,,3,,
Avon School District,0040011,Avon High School,0046111,81.54,Yes,3,,
Avon School District,0040011,Avon Middle School,0045111,73.46,Yes,3,,
Avon School District,0040011,Pine Grove School,0040411,72.16,,2,,
Avon School District,0040011,Roaring Brook School,0040311,79.34,Yes,3,,
Avon School District,0040011,Thompson Brook School,0040511,74.53,Yes,3,,
Barkhamsted School District,0050011,Barkhamsted Elementary School,0050111,81.88,,2,,High Growth
Berlin School District,0070011,Berlin High School,0076111,78.44,,2,,
Berlin School District,0070011,Catherine M. McGee Middle School,0075111,70.17,Yes,3,,
Berlin School District,0070011,Emma Hart Willard School,0070411,69.98,,3,,
Berlin School District,0070011,Mary E. Griswold School,0070511,74.51,,2,,
Berlin School District,0070011,Richard D. Hubbard School,0070111,76.60,,2,,
Bethany School District,0080011,Bethany Community School,0080111,84.78,Yes,3,,
Bethel School District,0090011,Anna H. Rockwell School,0090411,96.44,,1,,
Bethel School District,0090011,Bethel High School,0096111,79.58,Yes,3,,
Bethel School District,0090011,Bethel Middle School,0095111,74.97,Yes,3,,
Bethel School District,0090011,Ralph M. T. Johnson School,0090511,83.71,,2,,High Performance and High Growth
Bloomfield School District,0110011,Bloomfield High School,0116111,67.60,Yes,3,,
Bloomfield School District,0110011,Carmen Arace Intermediate School,0110711,59.38,,3,,
Bloomfield School District,0110011,Carmen Arace Middle School,0115211,62.90,,3,,
Bloomfield School District,0110011,Global Experience Magnet School,0116311,57.80,,3,,
Bloomfield School District,0110011,Metacomet School,0110511,63.73,,3,,
Bolton School District,0120011,Bolton Center School,0120111,71.72,Yes,3,,
Bolton School District,0120011,Bolton High School,0126111,88.70,,1,,High Performance
Bozrah School District,0130011,Fields Memorial School,0130111,77.99,,2,,High Growth
Branford School District,0140011,Branford High School,0146111,73.83,,2,,
Branford School District,0140011,Francis Walsh Intermediate School,0145111,68.06,,3,,
Branford School District,0140011,John B. Sliney School,0141611,77.06,,2,,High Growth
Branford School District,0140011,Mary R. Tisko School,0141511,81.06,,2,,
Branford School District,0140011,Mary T. Murphy School,0141411,66.48,,3,,
Bridgeport School District,0150011,"Aerospace/Hydrospace, Engineering and Physical Sciences Magnet High School",0150811,64.27,Yes,3,,
Bridgeport School District,0150011,Barnum School,0150111,46.68,,5,Turnaround,
Bridgeport School District,0150011,Bassick High School,0156111,42.98,Yes,5,Turnaround,
Bridgeport School District,0150011,Beardsley School,0150211,52.46,,3,,
Bridgeport School District,0150011,"Biotechnology, Research & Zoological Studies Magnet High School",0150611,64.27,,3,,
Bridgeport School District,0150011,Black Rock School,0150311,63.42,,3,,
Bridgeport School District,0150011,Blackham School,0154011,60.15,,3,,
Bridgeport School District,0150011,Bridgeport Military Academy,0151611,54.46,,5,Focus,
Bridgeport School District,0150011,Bryant School,0150411,50.05,,3,,
Bridgeport School District,0150011,Central High School,0156211,58.49,Yes,3,,
Bridgeport School District,0150011,Cesar Batalla School,0151411,46.43,Yes,4,Turnaround,
Bridgeport School District,0150011,Classical Studies Academy,0152111,60.36,,3,,
Bridgeport School District,0150011,Columbus School,0150511,50.17,,4,Turnaround,
Bridgeport School District,0150011,Edison School,0150711,41.75,,4,Focus,
Bridgeport School District,0150011,Geraldine Claytor Magnet Academy,0153111,48.48,,4,Turnaround,
Bridgeport School District,0150011,Geraldine Johnson School,0153211,56.27,,3,,
Bridgeport School District,0150011,Hall School,0151111,46.73,,3,,
Bridgeport School District,0150011,Hallen School,0151211,58.49,,3,,
Bridgeport School District,0150011,High Horizons Magnet School,0154511,63.94,,3,,
Bridgeport School District,0150011,Information Technology & Software Engineering Magnet High School,0151511,63.62,,3,,
Bridgeport School District,0150011,Interdistrict Discovery Magnet School,0153711,66.01,,3,,
Bridgeport School District,0150011,James J. Curiale School,0154211,47.69,,3,,
Bridgeport School District,0150011,Jettie S. Tisdale School,0152211,55.57,,3,,
Bridgeport School District,0150011,John Winthrop School,0153611,62.75,,3,,
Bridgeport School District,0150011,Luis Munoz Marin School,0151011,45.01,,5,Turnaround,
Bridgeport School District,0150011,Madison School,0152011,53.40,,4,Focus,
Bridgeport School District,0150011,Multicultural Magnet School,0154611,73.60,,2,,
Bridgeport School District,0150011,Park City Magnet School,0151711,61.80,,3,,
Bridgeport School District,0150011,Paul Laurence Dunbar School,0154111,46.54,,5,Turnaround,
Bridgeport School District,0150011,Read School,0152511,51.66,,3,,
Bridgeport School District,0150011,Roosevelt School,0152611,49.36,,5,Turnaround,
Bridgeport School District,0150011,Thomas Hooker School,0151311,57.22,,3,,
Bridgeport School District,0150011,Waltersville School,0153011,47.79,,3,,
Bridgeport School District,0150011,Warren Harding High School,0156311,48.65,Yes,5,Turnaround,
Bridgeport School District,0150011,Wilbur Cross School,0153911,45.02,,5,Turnaround,
Bristol School District,0170011,Bristol Arts and Innovation Magnet School,0174011,60.91,,3,,
Bristol School District,0170011,Bristol Central High School,0176111,69.01,Yes,3,,
Bristol School District,0170011,Bristol Eastern High School,0176211,70.66,Yes,3,,
Bristol School District,0170011,Chippens Hill Middle School,0175111,61.94,Yes,3,,
Bristol School District,0170011,Ellen P. Hubbell School,0171411,79.81,,2,,High Growth
Bristol School District,0170011,Greene-Hills School,0170511,65.49,,3,,
Bristol School District,0170011,Ivy Drive School,0171911,80.77,,2,,
Bristol School District,0170011,Mountain View School,0171711,68.09,,3,,
Bristol School District,0170011,Northeast Middle School,0175211,71.18,,2,,
Bristol School District,0170011,South Side School,0171111,72.26,,2,,
Bristol School District,0170011,Stafford School,0171211,70.32,Yes,3,,
Bristol School District,0170011,West Bristol School,0172011,58.80,Yes,3,,
Brookfield School District,0180011,Brookfield High School,0186111,83.45,,2,,High Performance
Brookfield School District,0180011,Candlewood Lake Elementary School,0180111,74.36,Yes,3,,
Brookfield School District,0180011,Whisconier Middle School,0185311,76.61,Yes,3,,
Brooklyn School District,0190011,Brooklyn Elementary School,0190111,58.48,,3,,
Brooklyn School District,0190011,Brooklyn Middle School,0195111,61.97,,3,,
Canaan School District,0210011,Lee H. Kellogg School,0210111,77.38,,2,,
Canterbury School District,0220011,Canterbury Elementary School,0220211,72.84,,2,,
Canterbury School District,0220011,Dr. Helen Baldwin Middle School,0225111,76.50,,2,,
Canton School District,0230011,Canton High School,0236111,82.72,Yes,3,,
Canton School District,0230011,Canton Intermediate School,0230311,77.74,Yes,3,,
Canton School District,0230011,Canton Middle School,0235111,74.05,Yes,3,,
Canton School District,0230011,Cherry Brook Primary School,0230211,76.86,,2,,
Chaplin School District,0240011,Chaplin Elementary School,0240211,57.05,,3,,
Cheshire School District,0250011,Chapman School,0250111,81.47,Yes,3,,
Cheshire School District,0250011,Cheshire High School,0256111,83.43,Yes,3,,
Cheshire School District,0250011,Dodd Middle School,0255111,69.68,,3,,
Cheshire School District,0250011,Doolittle School,0250611,83.45,Yes,3,,
Cheshire School District,0250011,Highland School,0250411,82.26,,2,,
Cheshire School District,0250011,Norton School,0250511,85.78,,1,,High Performance and High Growth
Chester School District,0260011,Chester Elementary School,0260111,70.12,Yes,3,,
Clinton School District,0270011,Jared Eliot School,0275111,72.99,,2,,
Clinton School District,0270011,Lewin G. Joel Jr. School,0270311,78.92,,2,,High Growth
Clinton School District,0270011,The Morgan School,0276111,76.33,Yes,3,,
Colchester School District,0280011,Bacon Academy,0286111,75.41,,2,,
Colchester School District,0280011,Jack Jackter Intermediate School,0280211,79.25,,2,,
Colchester School District,0280011,William J. Johnston Middle School,0285111,67.07,,3,,
Colebrook School District,0290011,Colebrook Consolidated School,0290111,67.22,Yes,3,,
Columbia School District,0300011,Horace W. Porter School,0300111,66.82,,3,,
Cornwall School District,0310011,Cornwall Consolidated School,0310111,82.40,,2,,
Coventry School District,0320011,Capt. Nathan Hale School,0325111,72.51,,2,,
Coventry School District,0320011,Coventry High School,0326111,80.59,Yes,3,,
Coventry School District,0320011,George Hersey Robertson School,0320411,86.16,,1,,High Performance and High Growth
Cromwell School District,0330011,Cromwell High School,0336111,80.35,Yes,3,,
Cromwell School District,0330011,Cromwell Middle School,0335111,70.84,Yes,3,,
Cromwell School District,0330011,Edna C. Stevens School,0330211,73.75,,2,,
Cromwell School District,0330011,Woodside Intermediate School,0330311,68.68,Yes,3,,
Danbury School District,0340011,Broadview Middle School,0345111,52.13,,3,,
Danbury School District,0340011,Danbury High School,0346111,59.37,Yes,3,,
Danbury School District,0340011,Ellsworth Avenue School,0341411,71.36,,2,,High Growth
Danbury School District,0340011,Great Plain School,0341111,72.04,,2,,
Danbury School District,0340011,Hayestown Avenue School,0340211,74.94,Yes,3,,
Danbury School District,0340011,King Street Intermediate School,0341711,64.31,Yes,3,,
Danbury School District,0340011,King Street Primary School,0341311,71.73,,2,,
Danbury School District,0340011,Mill Ridge Primary School,0340511,73.15,Yes,3,,
Danbury School District,0340011,Morris Street School,0340611,75.57,,2,,High Growth
Danbury School District,0340011,Park Avenue School,0340811,65.25,,3,,
Danbury School District,0340011,Pembroke School,0341511,61.44,Yes,3,,
Danbury School District,0340011,Rogers Park Middle School,0345211,55.16,Yes,3,,
Danbury School District,0340011,Shelter Rock School,0341211,66.72,Yes,3,,
Danbury School District,0340011,South Street School,0341011,71.92,,2,,
Danbury School District,0340011,Stadley Rough School,0341611,69.26,Yes,3,,
Danbury School District,0340011,Western CT Academy of International Studies Elementary Magnet School,0341911,84.02,,2,,High Performance and High Growth
Danbury School District,0340011,Westside Middle School Academy,0340311,66.34,,3,,
Darien School District,0350011,Darien High School,0356111,90.24,Yes,2,,
Darien School District,0350011,Hindley Elementary School,0350211,91.32,,1,,High Performance and High Growth
Darien School District,0350011,Holmes Elementary School,0350711,84.38,,2,,High Performance
Darien School District,0350011,Middlesex Middle School,0355111,80.47,,2,,
Darien School District,0350011,Ox Ridge Elementary School,0351311,88.95,,1,,High Performance and High Growth
Darien School District,0350011,Royle Elementary School,0350511,83.03,,2,,
Darien School District,0350011,Tokeneke Elementary School,0350611,87.87,,1,,High Performance and High Growth
Deep River School District,0360011,Deep River Elementary School,0360111,72.25,,2,,
Derby School District,0370011,Bradley School,0370611,53.73,,3,,
Derby School District,0370011,Derby High School,0376111,57.75,Yes,3,,
Derby School District,0370011,Derby Middle School,0375011,52.56,,5,Turnaround,
Derby School District,0370011,Irving School,0370411,53.06,,3,,
Eastford School District,0390011,Eastford Elementary School,0390111,63.80,,3,,
East Granby School District,0400011,East Granby High School,0406111,78.90,,2,,
East Granby School District,0400011,East Granby Middle School,0405111,71.42,Yes,3,,
East Granby School District,0400011,R. Dudley Seymour School,0400211,82.19,,2,,
East Haddam School District,0410011,East Haddam Elementary School,0410111,84.94,,2,,High Performance
East Haddam School District,0410011,Nathan Hale-Ray High School,0416111,76.02,Yes,3,,
East Haddam School District,0410011,Nathan Hale-Ray Middle School,0415111,66.08,,3,,
East Hampton School District,0420011,Center School,0420311,72.74,,2,,
East Hampton School District,0420011,East Hampton High School,0426111,79.16,Yes,3,,
East Hampton School District,0420011,East Hampton Middle School,0425111,66.33,Yes,3,,
East Hampton School District,0420011,Memorial School,0420111,89.55,,1,,High Performance
East Hartford School District,0430011,Anna E. Norris School,0430911,69.18,,3,,
East Hartford School District,0430011,Connecticut IB Academy,0436311,85.62,,1,,High Performance
East Hartford School District,0430011,Dr. Franklin H. Mayberry School,0430611,66.00,,3,,
East Hartford School District,0430011,Dr. John A. Langford School,0432211,74.52,,2,,
East Hartford School District,0430011,Dr. Thomas S. O'Connell School,0431011,70.33,,2,,
East Hartford School District,0430011,East Hartford High School,0436211,65.44,Yes,3,,
East Hartford School District,0430011,East Hartford Middle School,0435111,51.63,,3,,
East Hartford School District,0430011,Governor William Pitkin School,0432011,78.44,,2,,High Growth
East Hartford School District,0430011,Joseph O. Goodwin School,0430411,71.82,,2,,High Growth
East Hartford School District,0430011,Robert J. O'Brien School,0431811,67.51,,3,,
East Hartford School District,0430011,Silver Lane School,0431211,62.50,,3,,
East Hartford School District,0430011,Sunset Ridge Middle School,0432411,78.76,,2,,
East Haven School District,0440011,Carbone School/East Haven Academy,0441711,61.90,,3,,
East Haven School District,0440011,Dominick H. Ferrara School,0441311,74.22,,2,,High Growth
East Haven School District,0440011,East Haven High School,0446111,66.11,Yes,3,,
East Haven School District,0440011,Grove J. Tuttle School,0441011,71.23,,2,,
East Haven School District,0440011,Joseph Melillo Middle School,0445111,61.12,,3,,
East Haven School District,0440011,Momauguin School,0440711,68.28,,3,,
East Lyme School District,0450011,East Lyme High School,0456111,86.02,Yes,2,,
East Lyme School District,0450011,East Lyme Middle School,0455111,77.65,Yes,3,,
East Lyme School District,0450011,Flanders School,0450111,74.75,,2,,
East Lyme School District,0450011,Lillie B. Haynes School,0450411,84.77,Yes,3,,
East Lyme School District,0450011,Niantic Center School,0450211,90.43,Yes,2,,
Easton School District,0460011,Helen Keller Middle School,0465111,82.47,,2,,High Growth
Easton School District,0460011,Samuel Staples Elementary School,0460111,80.19,,2,,
East Windsor School District,0470011,Broad Brook Elementary School,0470111,66.29,Yes,3,,
East Windsor School District,0470011,East Windsor High School,0476111,61.54,Yes,3,,
East Windsor School District,0470011,East Windsor Middle School,0475411,66.65,Yes,3,,
Ellington School District,0480011,Center School,0480111,75.54,,2,,
Ellington School District,0480011,Crystal Lake School,0480211,80.37,,2,,High Growth
Ellington School District,0480011,Ellington High School,0486111,83.11,Yes,3,,
Ellington School District,0480011,Ellington Middle School,0485111,65.12,Yes,3,,
Ellington School District,0480011,Windermere School,0480611,80.94,,2,,High Growth
Enfield School District,0490011,Edgar H. Parkman School,0491311,75.24,Yes,3,,
Enfield School District,0490011,Eli Whitney School,0491611,80.85,,2,,High Growth
Enfield School District,0490011,Enfield High School,0496111,73.43,Yes,3,,
Enfield School District,0490011,John F. Kennedy Middle School,0495211,57.90,,3,,
Enfield School District,0490011,Prudence Crandall School,0491511,74.91,,2,,
Essex School District,0500011,Essex Elementary School,0500111,76.18,Yes,3,,
Fairfield School District,0510011,Burr Elementary School,0510211,74.19,,2,,
Fairfield School District,0510011,Dwight Elementary School,0510111,86.13,,1,,High Performance and High Growth
Fairfield School District,0510011,Fairfield Ludlowe High School,0516011,83.58,Yes,3,,
Fairfield School District,0510011,Fairfield Warde High School,0516211,81.81,,2,,
Fairfield School District,0510011,Fairfield Woods Middle School,0515211,72.31,Yes,3,,
Fairfield School District,0510011,Holland Hill School,0510411,82.39,,2,,High Growth
Fairfield School District,0510011,Jennings School,0511711,78.18,,2,,
Fairfield School District,0510011,McKinley School,0510611,72.22,,2,,
Fairfield School District,0510011,Mill Hill School,0510711,83.63,Yes,3,,
Fairfield School District,0510011,North Stratfield School,0511611,78.90,Yes,3,,
Fairfield School District,0510011,Osborn Hill School,0511811,86.83,,1,,High Performance and High Growth
Fairfield School District,0510011,Riverfield School,0511211,77.30,,2,,
Fairfield School District,0510011,Roger Ludlowe Middle School,0515311,73.36,,2,,
Fairfield School District,0510011,Sherman School,0511311,81.94,,2,,High Growth
Fairfield School District,0510011,Stratfield School,0511411,79.23,,2,,High Growth
Fairfield School District,0510011,Tomlinson Middle School,0515111,73.36,,2,,
Farmington School District,0520011,East Farms School,0520411,80.76,,2,,High Growth
Farmington School District,0520011,Farmington High School,0526111,85.35,Yes,2,,
Farmington School District,0520011,Irving A. Robbins Middle School,0525111,72.14,,2,,
Farmington School District,0520011,Noah Wallace School,0520211,78.04,,2,,High Growth
Farmington School District,0520011,Union School,0520111,79.45,,2,,
Farmington School District,0520011,West District School,0520311,87.08,,1,,High Performance
Farmington School District,0520011,West Woods Upper Elementary School,0520511,76.46,,2,,
Franklin School District,0530011,Franklin Elementary School,0530111,64.66,,3,,
Glastonbury School District,0540011,Buttonball Lane School,0540211,73.95,,2,,
Glastonbury School District,0540011,Gideon Welles School,0540811,75.85,,2,,
Glastonbury School District,0540011,Glastonbury High School,0546111,84.89,Yes,3,,
Glastonbury School District,0540011,Hebron Avenue School,0540411,82.99,,2,,
Glastonbury School District,0540011,Hopewell School,0540611,68.93,,3,,
Glastonbury School District,0540011,Naubuc School,0540711,77.54,,2,,High Growth
Glastonbury School District,0540011,Nayaug Elementary School,0540911,71.42,,2,,
Glastonbury School District,0540011,Smith Middle School,0545211,72.01,Yes,3,,
Granby School District,0560011,Granby Memorial High School,0566111,85.59,Yes,2,,
Granby School District,0560011,Granby Memorial Middle School,0565111,70.54,Yes,3,,
Granby School District,0560011,Wells Road Intermediate School,0560311,78.79,,2,,High Growth
Greenwich School District,0570011,Central Middle School,0575111,74.57,,2,,
Greenwich School District,0570011,Cos Cob School,0570211,76.14,,2,,
Greenwich School District,0570011,Eastern Middle School,0575211,80.93,,2,,
Greenwich School District,0570011,Glenville School,0570411,87.64,Yes,2,,
Greenwich School District,0570011,Greenwich High School,0576111,85.70,Yes,2,,
Greenwich School District,0570011,Hamilton Avenue School,0570511,69.34,,3,,
Greenwich School District,0570011,International School At Dundee,0571311,85.82,,1,,High Performance and High Growth
Greenwich School District,0570011,Julian Curtiss School,0570311,76.68,,2,,High Growth
Greenwich School District,0570011,New Lebanon School,0570611,85.18,,1,,High Performance and High Growth
Greenwich School District,0570011,North Mianus School,0570711,85.99,,1,,High Performance and High Growth
Greenwich School District,0570011,North Street School,0570811,89.55,,1,,High Performance
Greenwich School District,0570011,Old Greenwich School,0570911,82.87,,2,,High Growth
Greenwich School District,0570011,Parkway School,0571111,93.50,,1,,High Performance and High Growth
Greenwich School District,0570011,Riverside School,0571011,87.55,,1,,High Performance and High Growth
Greenwich School District,0570011,Western Middle School,0575311,69.36,Yes,3,,
Griswold School District,0580011,Griswold Elementary School,0580311,49.64,,4,Focus,
Griswold School District,0580011,Griswold High School,0586211,66.61,Yes,3,,
Griswold School District,0580011,Griswold Middle School,0585111,67.50,,3,,
Groton School District,0590011,Catherine Kolnaski Magnet School,0592011,77.85,,2,,High Growth
Groton School District,0590011,Charles Barnum Magnet School,0591811,72.11,,2,,
Groton School District,0590011,Groton Middle School,0591111,58.46,Yes,3,,
Groton School District,0590011,Mystic River Magnet School,0591311,62.34,Yes,3,,
Groton School District,0590011,Northeast Academy Magnet School,0591911,75.26,,2,,
Groton School District,0590011,Robert E. Fitch High School,0596111,65.46,Yes,3,,
Groton School District,0590011,Thames River Magnet School,0591711,70.26,,2,,High Growth
Guilford School District,0600011,A. Baldwin Middle School,0600711,74.21,,2,,
Guilford School District,0600011,A. W. Cox School,0600611,84.33,,2,,High Performance
Guilford School District,0600011,Calvin Leete School,0600411,90.61,,1,,High Performance and High Growth
Guilford School District,0600011,E. C. Adams Middle School,0605111,73.29,Yes,3,,
Guilford School District,0600011,Guilford High School,0606111,82.66,Yes,3,,
Guilford School District,0600011,Guilford Lakes School,0600211,76.24,Yes,3,,
Guilford School District,0600011,Melissa Jones School,0600311,80.17,,2,,
Hamden School District,0620011,Bear Path School,0621211,63.68,,3,,
Hamden School District,0620011,Church Street School,0620211,58.01,,3,,
Hamden School District,0620011,Dunbar Hill School,0620311,61.79,,3,,
Hamden School District,0620011,Hamden High School,0626111,64.69,Yes,3,,
Hamden School District,0620011,Hamden Middle School,0625211,56.29,Yes,3,,
Hamden School District,0620011,Helen Street School,0620411,60.80,,3,,
Hamden School District,0620011,Ridge Hill School,0621111,71.48,,2,,
Hamden School District,0620011,Shepherd Glen School,0620111,55.97,Yes,3,,
Hamden School District,0620011,Spring Glen School,0621011,69.55,Yes,3,,
Hamden School District,0620011,West Woods School,0621411,66.79,,3,,
Hampton School District,0630011,Hampton Elementary School,0630111,63.69,,3,,
Hartford School District,0640011,Betances Learning Lab Magnet School,0642811,72.06,,2,,
Hartford School District,0640011,Betances STEM Magnet School,0643811,57.43,Yes,3,,
Hartford School District,0640011,"Breakthrough Magnet School, North",0643511,57.66,,3,,
Hartford School District,0640011,"Breakthrough Magnet School, South",0643311,56.02,Yes,3,,
Hartford School District,0640011,Bulkeley High School,0647111,46.21,Yes,5,Turnaround,
Hartford School District,0640011,Burns Latino Studies Academy,0640611,48.53,,5,Turnaround,
Hartford School District,0640011,Burr Middle School,0642311,34.04,,5,Turnaround,
Hartford School District,0640011,Capital Preparatory Magnet School,0646911,55.82,,4,Focus,
Hartford School District,0640011,Classical Magnet School,0646411,64.91,,3,,
Hartford School District,0640011,Dwight-Bellizzi Dual Language Academy,0640711,52.36,,5,Turnaround,
Hartford School District,0640011,Environmental Sciences Magnet at Hooker School,0640911,52.61,,3,,
Hartford School District,0640011,Expeditionary Learning Academy at Moylan School,0643211,55.22,,3,,
Hartford School District,0640011,Global Communications Academy,0643611,45.42,,3,,
Hartford School District,0640011,Great Path Academy at MCC,0647911,62.50,,3,,
Hartford School District,0640011,Hartford Magnet Trinity College Academy,0645411,59.43,Yes,3,,
Hartford School District,0640011,Hartford Public High School,0646211,43.83,Yes,5,Turnaround,
Hartford School District,0640011,Kennelly School,0641011,54.50,,3,,
Hartford School District,0640011,Kinsella Magnet School of Performing Arts: High School Campus,0641710,55.75,,3,,
Hartford School District,0640011,Kinsella Magnet School of Performing Arts: PK-8 Campus,0641111,61.51,,3,,
Hartford School District,0640011,M. D. Fox School,0640811,47.55,,3,,
Hartford School District,0640011,"M. L. King, Jr. Middle School",0641611,43.21,,5,Turnaround,
Hartford School District,0640011,McDonough Middle School,0641211,42.78,,5,Turnaround,
Hartford School District,0640011,Milner Middle School,0641911,42.56,,5,Turnaround,
Hartford School District,0640011,Montessori Magnet at Batchelder School,0640511,57.99,,3,,
Hartford School District,0640011,Montessori Magnet at Fisher School,0643711,71.72,,2,,
Hartford School District,0640011,Naylor/CCSU Leadership Academy,0641411,62.81,,3,,
Hartford School District,0640011,Parkville Community School,0641511,51.42,,3,,
Hartford School District,0640011,Pathways Academy of Technology and Design,0646611,59.28,Yes,3,,
Hartford School District,0640011,Rawson School,0641711,56.42,,3,,
Hartford School District,0640011,Renzulli Gifted and Talented Academy,0644011,86.32,,1,,High Performance and High Growth
Hartford School District,0640011,SAND School,0640111,42.29,,5,Turnaround,
Hartford School District,0640011,STEM Magnet at Annie Fisher School,0642511,70.27,Yes,3,,
Hartford School District,0640011,Sanchez School,0643011,59.49,,3,,
Hartford School District,0640011,Sport and Medical Sciences Academy,0646511,58.28,,5,Turnaround,
Hartford School District,0640011,University High School of Science and Engineering,0646711,76.96,Yes,3,,
Hartford School District,0640011,Weaver High School,0646311,43.72,Yes,5,Turnaround,
Hartford School District,0640011,Webster Micro Society Magnet School,0642011,57.10,Yes,3,,
Hartford School District,0640011,West Middle School,0642111,55.23,,3,,
Hartford School District,0640011,Wish Museum School,0642211,50.10,,5,Turnaround,
Hartland School District,0650011,Hartland School,0650111,83.59,,2,,High Performance
Hebron School District,0670011,Hebron Elementary School,0670111,73.96,,2,,
Kent School District,0680011,Kent Center School,0680111,74.90,Yes,3,,
Killingly School District,0690011,Killingly High School,0696111,65.03,Yes,3,,
Killingly School District,0690011,Killingly Intermediate School,0695211,56.92,,3,,
Killingly School District,0690011,Killingly Memorial School,0690311,73.36,,2,,High Growth
Lebanon School District,0710011,Lebanon Elementary School,0710111,59.96,Yes,3,,
Lebanon School District,0710011,Lebanon Middle School,0715111,74.89,,2,,
Lebanon School District,0710011,Lyman Memorial High School,0716211,73.50,Yes,3,,
Ledyard School District,0720011,Gallup Hill School,0720411,71.68,,2,,
Ledyard School District,0720011,Juliet W. Long School,0720311,75.74,,2,,
Ledyard School District,0720011,Ledyard High School,0726111,73.31,Yes,3,,
Ledyard School District,0720011,Ledyard Middle School,0725111,62.67,Yes,3,,
Lisbon School District,0730011,Lisbon Central School,0730111,72.19,,2,,
Litchfield School District,0740011,Center School,0740211,84.13,Yes,3,,
Litchfield School District,0740011,Litchfield High School,0746111,78.37,Yes,3,,
Litchfield School District,0740011,Litchfield Intermediate School,0740311,76.06,,2,,
Litchfield School District,0740011,Litchfield Middle School,0746011,66.91,Yes,3,,
Madison School District,0760011,Daniel Hand High School,0766111,84.78,Yes,3,,
Madison School District,0760011,Dr. Robert H. Brown Intermediate School,0760611,86.58,,1,,High Performance
Madison School District,0760011,J. Milton Jeffrey Elementary School,0760111,100.00,,1,,High Performance
Madison School District,0760011,Kathleen H. Ryerson Elementary School,0760311,100.00,,1,,High Performance
Madison School District,0760011,Walter C. Polson Middle School,0765211,77.44,,2,,
Manchester School District,0770011,Bowers School,0770111,64.77,Yes,3,,
Manchester School District,0770011,Buckley School,0770311,83.56,,2,,High Growth
Manchester School District,0770011,Elisabeth M. Bennet Academy,0771711,54.51,,3,,
Manchester School District,0770011,Highland Park School,0770411,63.12,Yes,3,,
Manchester School District,0770011,Illing Middle School,0775311,52.93,Yes,4,Turnaround,
Manchester School District,0770011,Keeney School,0770611,62.49,Yes,3,,
Manchester School District,0770011,Manchester High School,0776111,62.15,Yes,3,,
Manchester School District,0770011,Martin School,0771611,59.76,Yes,3,,
Manchester School District,0770011,Verplanck School,0771211,60.64,,3,,
Manchester School District,0770011,Waddell School,0771311,60.82,,3,,
Mansfield School District,0780011,Mansfield Elementary School,0780111,75.73,,2,,High Growth
Mansfield School District,0780011,Mansfield Middle School,0785111,73.64,,2,,
Marlborough School District,0790011,Elmer Thienes-Mary Hall Elementary School,0790111,76.43,,2,,
Meriden School District,0800011,Benjamin Franklin School,0800111,81.95,,2,,High Growth
Meriden School District,0800011,Casimir Pulaski School,0801111,72.15,,2,,
Meriden School District,0800011,Edison Middle School,0802711,59.77,,3,,
Meriden School District,0800011,Francis T. Maloney High School,0806111,64.03,Yes,3,,
Meriden School District,0800011,Hanover School,0800311,73.65,Yes,3,,
Meriden School District,0800011,Israel Putnam School,0800411,84.31,,2,,High Performance and High Growth
Meriden School District,0800011,John Barry School,0800511,74.26,,2,,
Meriden School District,0800011,Lincoln Middle School,0805211,56.58,Yes,3,,
Meriden School District,0800011,Nathan Hale School,0800711,80.98,,2,,High Growth
Meriden School District,0800011,Orville H. Platt High School,0806211,58.89,Yes,3,,
Meriden School District,0800011,Roger Sherman School,0800811,79.18,,2,,High Growth
Meriden School District,0800011,Thomas Hooker School,0801011,83.58,,2,,High Growth
Meriden School District,0800011,Washington Middle School,0805411,52.83,Yes,3,,
Middletown School District,0830011,Beman Middle School,0835411,55.93,Yes,3,,
Middletown School District,0830011,Bielefield School,0830211,57.29,,3,,
Middletown School District,0830011,Farm Hill School,0830511,64.51,Yes,3,,
Middletown School District,0830011,Lawrence School,0831311,60.91,,3,,
Middletown School District,0830011,MacDonough School,0830911,65.74,Yes,3,,
Middletown School District,0830011,Middletown High School,0836211,62.18,Yes,3,,
Middletown School District,0830011,Moody School,0831211,78.66,,2,,
Middletown School District,0830011,Snow School,0831111,69.52,,3,,
Middletown School District,0830011,Spencer School,0830111,60.68,Yes,3,,
Middletown School District,0830011,Wesley School,0831411,70.98,Yes,3,,
Milford School District,0840011,Calf Pen Meadow School,0840111,82.77,,2,,
Milford School District,0840011,East Shore Middle School,0845111,67.41,Yes,3,,
Milford School District,0840011,Harborside Middle School,0845211,72.40,Yes,3,,
Milford School District,0840011,J. F. Kennedy School,0841911,70.95,,2,,
Milford School District,0840011,Jonathan Law High School,0846211,75.02,Yes,3,,
Milford School District,0840011,Joseph A. Foran High School,0846311,75.39,Yes,3,,
Milford School District,0840011,Live Oaks School,0841611,68.43,,3,,
Milford School District,0840011,Mathewson School,0841711,74.23,,2,,
Milford School District,0840011,Meadowside School,0840711,75.93,,2,,
Milford School District,0840011,Orange Avenue School,0840811,79.73,,2,,High Growth
Milford School District,0840011,Orchard Hills School,0841811,67.62,,3,,
Milford School District,0840011,Pumpkin Delight School,0841011,76.42,,2,,High Growth
Milford School District,0840011,West Shore Middle School,0845311,68.29,,3,,
Monroe School District,0850011,Fawn Hollow Elementary School,0850511,82.99,,2,,
Monroe School District,0850011,Jockey Hollow School,0855211,69.94,,3,,
Monroe School District,0850011,Masuk High School,0856111,76.58,Yes,3,,
Monroe School District,0850011,Monroe Elementary School,0850111,79.38,Yes,3,,
Monroe School District,0850011,Stepney Elementary School,0850311,82.46,Yes,3,,
Montville School District,0860011,Dr. Charles E. Murphy School,0860711,68.74,,3,,
Montville School District,0860011,Leonard J. Tyl Middle School,0865111,62.53,,3,,
Montville School District,0860011,Mohegan School,0860111,73.12,,2,,
Montville School District,0860011,Montville High School,0866111,71.62,,2,,
Montville School District,0860011,Oakdale School,0860511,75.48,,2,,
Naugatuck School District,0880011,Andrew Avenue School,0880811,67.80,Yes,3,,
Naugatuck School District,0880011,City Hill Middle School,0885111,49.37,,3,,
Naugatuck School District,0880011,Cross Street Intermediate School,0880211,63.78,Yes,3,,
Naugatuck School District,0880011,Hillside Intermediate School,0880411,65.09,Yes,3,,
Naugatuck School District,0880011,Hop Brook Elementary School,0880511,65.17,,3,,High Growth
Naugatuck School District,0880011,Maple Hill School,0880311,78.71,,2,,High Growth
Naugatuck School District,0880011,Naugatuck High School,0886111,60.70,Yes,3,,
Naugatuck School District,0880011,Salem School,0880611,69.77,,3,,High Growth
Naugatuck School District,0880011,Western School,0880711,69.65,,3,,High Growth
New Britain School District,0890011,Chamberlain Elementary School,0890311,49.45,,5,Turnaround,
New Britain School District,0890011,DiLoreto Elementary & Middle School,0891111,49.46,,3,,
New Britain School District,0890011,Gaffney Elementary School,0890511,62.66,,3,,
New Britain School District,0890011,Holmes Elementary School,0890611,63.57,,3,,
New Britain School District,0890011,House of Arts Letters and Science (HALS) Academy,0895411,87.87,,1,,High Performance and High Growth
New Britain School District,0890011,Jefferson Elementary School,0890711,48.30,,3,,
New Britain School District,0890011,Lincoln Elementary School,0890811,59.17,,3,,
New Britain School District,0890011,New Britain High School,0896111,54.60,Yes,3,,
New Britain School District,0890011,Northend Elementary School,0890911,62.31,,3,,
New Britain School District,0890011,Pulaski Middle School,0895311,38.36,,5,Turnaround,
New Britain School District,0890011,Slade Middle School,0895211,42.73,,5,Turnaround,
New Britain School District,0890011,Smalley Elementary School,0891211,52.02,,5,Turnaround,
New Britain School District,0890011,Smith Elementary School,0891311,59.99,,3,,
New Britain School District,0890011,Vance Elementary School,0891511,55.13,Yes,3,,
New Canaan School District,0900011,East School,0900411,86.51,,1,,High Performance and High Growth
New Canaan School District,0900011,New Canaan High School,0906111,90.74,Yes,2,,
New Canaan School District,0900011,Saxe Middle School,0905111,83.40,,2,,
New Canaan School District,0900011,South School,0900211,90.39,,1,,High Performance
New Canaan School District,0900011,West School,0900311,93.35,,1,,High Performance and High Growth
New Fairfield School District,0910011,New Fairfield Elementary School,0910211,76.98,,2,,
New Fairfield School District,0910011,New Fairfield High School,0916111,80.19,Yes,3,,
New Fairfield School District,0910011,New Fairfield Middle School,0915211,71.93,,2,,
New Hartford School District,0920011,Ann Antolini School,0920311,73.65,,2,,
New Haven School District,0930011,Augusta Lewis Troup School,0931511,47.25,,5,Turnaround,
New Haven School District,0930011,Barack H. Obama Magnet University School,0932811,56.30,,3,,
New Haven School District,0930011,Barnard Environmental Magnet School,0930211,52.76,,3,,
New Haven School District,0930011,Beecher School,0930311,55.71,,3,,
New Haven School District,0930011,Benjamin Jepson Magnet School,0931811,53.56,,3,,
New Haven School District,0930011,Betsy Ross Arts Magnet School,0935511,47.08,Yes,3,,
New Haven School District,0930011,Bishop Woods Architecture and Design Magnet School,0934311,50.41,,3,,
New Haven School District,0930011,Brennan Rogers School,0932111,48.50,Yes,5,Turnaround,
New Haven School District,0930011,"Celentano BioTech, Health and Medical Magnet School",0934811,51.28,,3,,
New Haven School District,0930011,Clinton Avenue School,0930611,51.48,,3,,
New Haven School District,0930011,Conte/West Hills Magnet School,0933111,52.76,,3,,
New Haven School District,0930011,Cooperative High School - Inter-District Magnet,0936411,62.73,Yes,3,,
New Haven School District,0930011,Davis Academy for Arts & Design Innovation,0930911,57.06,,3,,
New Haven School District,0930011,East Rock Community Magnet School,0934611,47.41,Yes,3,,
New Haven School District,0930011,Edgewood School,0931211,55.20,Yes,3,,
New Haven School District,0930011,Engineering - Science University Magnet School,0931711,73.70,Yes,3,,
New Haven School District,0930011,Fair Haven School,0931611,51.24,,3,,
New Haven School District,0930011,Family Academy of Multilingual Exploration,0934111,53.20,,3,,
New Haven School District,0930011,High School In The Community,0936611,57.15,Yes,3,,
New Haven School District,0930011,Hill Central Music Academy,0930711,50.35,Yes,3,,
New Haven School District,0930011,Hill Regional Career High School,0936311,58.76,Yes,3,,
New Haven School District,0930011,James Hillhouse High School,0936211,48.60,Yes,5,Focus,
New Haven School District,0930011,John C. Daniels,0931311,52.34,Yes,3,,
New Haven School District,0930011,John S. Martinez Sea and Sky STEM School,0930811,53.70,,3,,
New Haven School District,0930011,King/Robinson Magnet School,0933011,49.85,Yes,3,,
New Haven School District,0930011,Lincoln-Bassett School,0932011,47.53,,3,,
New Haven School District,0930011,Mauro-Sheridan Magnet School,0931911,61.90,Yes,3,,
New Haven School District,0930011,Metropolitan Business Academy,0936011,56.18,Yes,4,Focus,
New Haven School District,0930011,Nathan Hale School,0931411,65.85,,3,,
New Haven School District,0930011,New Haven Academy,0937011,65.70,Yes,3,,
New Haven School District,0930011,Roberto Clemente Leadership Academy for Global Awareness,0934211,47.74,,4,Turnaround,
New Haven School District,0930011,Ross/Woodward School,0931011,49.35,,3,,
New Haven School District,0930011,Sound School,0936711,65.46,,3,,
New Haven School District,0930011,Truman School,0932911,50.28,,3,,
New Haven School District,0930011,Wexler/Grant Community School,0933211,50.53,,5,Turnaround,
New Haven School District,0930011,Wilbur Cross High School,0936111,52.89,Yes,3,,
New Haven School District,0930011,Worthington Hooker School,0933811,81.47,,2,,
Newington School District,0940011,Anna Reynolds School,0940611,78.26,,2,,High Growth
Newington School District,0940011,Elizabeth Green School,0940211,74.71,,2,,High Growth
Newington School District,0940011,John Paterson School,0940811,68.36,,3,,
Newington School District,0940011,John Wallace Middle School,0945311,64.49,,3,,
Newington School District,0940011,Martin Kellogg Middle School,0945111,65.63,,3,,
Newington School District,0940011,Newington High School,0946111,75.14,Yes,3,,
Newington School District,0940011,Ruth Chaffee School,0940711,81.63,,2,,High Growth
New London School District,0950011,Bennie Dover Jackson Middle School,0955111,45.08,,4,Turnaround,
New London School District,0950011,C.B. Jennings International Elementary Magnet,0950311,53.50,,3,,
New London School District,0950011,Nathan Hale Arts Magnet School,0950911,54.23,Yes,3,,
New London School District,0950011,New London High School,0956111,47.13,Yes,5,Turnaround,
New London School District,0950011,New London Visual and Performing Arts Magnet Pathway,0951411,56.45,Yes,3,,
New London School District,0950011,Science and Technology Magnet Pathway for High School Grades,0951311,67.32,Yes,3,,
New London School District,0950011,Science and Technology Magnet Pathway for Middle Grades,0951211,47.58,Yes,3,,
New London School District,0950011,Winthrop STEM Elementary Magnet School,0950811,63.10,Yes,3,,
New Milford School District,0960011,Hill And Plain School,0960511,63.09,,3,,
New Milford School District,0960011,New Milford High School,0966111,69.68,Yes,3,,
New Milford School District,0960011,Northville Elementary School,0960811,65.54,,3,,
New Milford School District,0960011,Sarah Noble Intermediate School,0960911,69.15,,3,,
New Milford School District,0960011,Schaghticoke Middle School,0965211,57.59,,3,,
Newtown School District,0970011,Hawley Elementary School,0970111,78.86,,2,,
Newtown School District,0970011,Head O'Meadow Elementary School,0970411,91.81,,1,,High Performance and High Growth
Newtown School District,0970011,Middle Gate Elementary School,0970311,82.61,,2,,High Growth
Newtown School District,0970011,Newtown High School,0976111,79.00,Yes,3,,
Newtown School District,0970011,Newtown Middle School,0975111,69.16,Yes,3,,
Newtown School District,0970011,Reed Intermediate School,0970511,75.45,,2,,
Newtown School District,0970011,Sandy Hook Elementary School,0970211,85.04,,1,,High Performance
Norfolk School District,0980011,Botelle Elementary School,0980111,72.88,,2,,
North Branford School District,0990011,North Branford High School,0996111,74.48,Yes,3,,
North Branford School District,0990011,North Branford Intermediate School,0995111,63.70,Yes,3,,
North Branford School District,0990011,Totoket Valley Elementary School,0990611,82.69,,2,,High Growth
North Canaan School District,1000011,North Canaan Elementary School,1000111,72.78,,2,,
North Haven School District,1010011,Clintonville Elementary School,1010811,91.31,Yes,2,,
North Haven School District,1010011,Green Acres Elementary School,1010711,85.61,,1,,High Performance and High Growth
North Haven School District,1010011,Montowese Elementary School,1010211,83.14,,2,,High Growth
North Haven School District,1010011,North Haven High School,1016111,80.46,,2,,
North Haven School District,1010011,North Haven Middle School,1015211,64.71,,3,,
North Haven School District,1010011,Ridge Road Elementary School,1010311,76.27,,2,,High Growth
North Stonington School District,1020011,North Stonington Elementary School,1020111,70.87,Yes,3,,
North Stonington School District,1020011,Wheeler High School,1026111,68.25,Yes,3,,
Norwalk School District,1030011,Brien McMahon High School,1036211,62.61,Yes,3,,
Norwalk School District,1030011,Brookside Elementary School,1030211,63.47,Yes,3,,
Norwalk School District,1030011,Center for Global Studies,1030511,77.55,Yes,3,,
Norwalk School District,1030011,Concord Magnet School,1030311,70.38,Yes,3,,
Norwalk School District,1030011,Cranbury Elementary School,1030411,71.35,Yes,3,,
Norwalk School District,1030011,Fox Run Elementary School,1032011,66.45,Yes,3,,
Norwalk School District,1030011,Jefferson Marine Science Elementary School,1030711,67.96,,3,,
Norwalk School District,1030011,Kendall College & Career Academy,1030811,64.61,,3,,
Norwalk School District,1030011,Marvin Elementary School,1032211,73.77,Yes,3,,
Norwalk School District,1030011,Naramake Elementary School,1032111,70.85,,2,,
Norwalk School District,1030011,Nathan Hale Middle School,1035211,62.36,Yes,3,,
Norwalk School District,1030011,Norwalk High School,1036111,61.59,Yes,4,Focus,
Norwalk School District,1030011,P-TECH Norwalk,1030911,74.30,Yes,3,,
Norwalk School District,1030011,Ponus Ridge STEAM Academy,1035311,61.86,,3,,
Norwalk School District,1030011,Roton Middle School,1035511,63.84,Yes,3,,
Norwalk School District,1030011,Rowayton School,1031311,77.69,Yes,3,,
Norwalk School District,1030011,Silvermine Dual Language Magnet School,1032311,70.41,,2,,
Norwalk School District,1030011,South Norwalk Elementary School,1031511,21.86,,3,,
Norwalk School District,1030011,Tracey Magnet School,1031411,71.36,Yes,3,,
Norwalk School District,1030011,West Rocks Middle School,1035411,67.14,Yes,3,,
Norwalk School District,1030011,Wolfpit Integrated Arts Elementary School,1032411,64.03,Yes,3,,
Norwich School District,1040011,John B. Stanton School,1041411,53.93,,3,,
Norwich School District,1040011,Kelly STEAM Magnet Middle School,1045111,54.51,,3,,
Norwich School District,1040011,Moriarty Magnet School,1042011,56.01,Yes,3,,
Norwich School District,1040011,Samuel Huntington School,1040811,47.08,,3,,
Norwich School District,1040011,Teachers' Memorial Global Studies Magnet Middle School,1045211,45.79,,4,Turnaround,
Norwich School District,1040011,Thomas W. Mahan School,1041711,65.51,,3,,
Norwich School District,1040011,Uncas Elementary School,1041911,57.60,,3,,
Norwich School District,1040011,Veterans' Memorial School,1041811,63.66,,3,,
Norwich School District,1040011,Wequonnoc Magnet School,1041511,48.72,,4,Focus,
Old Saybrook School District,1060011,Kathleen E. Goodwin School,1060211,75.37,,2,,High Growth
Old Saybrook School District,1060011,Old Saybrook Middle School,1065211,74.57,,2,,
Old Saybrook School District,1060011,Old Saybrook Senior High School,1066111,80.85,Yes,3,,
Orange School District,1070011,Peck Place School,1070511,83.85,,2,,High Performance and High Growth
Orange School District,1070011,Race Brook School,1070311,82.85,,2,,High Growth
Orange School District,1070011,Turkey Hill School,1070411,83.27,,2,,High Growth
Oxford School District,1080011,Great Oak Elementary School,1080111,84.26,,2,,High Performance
Oxford School District,1080011,Oxford High School,1086011,76.00,,2,,
Oxford School District,1080011,Oxford Middle School,1085111,67.31,,3,,
Plainfield School District,1090011,Moosup Elementary School,1090111,75.61,,2,,
Plainfield School District,1090011,Plainfield Central School,1095111,56.14,,3,,
Plainfield School District,1090011,Plainfield High School,1096111,64.70,Yes,3,,
Plainfield School District,1090011,Plainfield Memorial School,1090311,77.21,,2,,
Plainfield School District,1090011,Shepard Hill Elementary School,1090411,75.67,,2,,
Plainville School District,1100011,Frank T. Wheeler School,1100411,67.33,Yes,3,,
Plainville School District,1100011,Linden Street School,1100211,67.95,Yes,3,,
Plainville School District,1100011,Louis Toffolon School,1100511,73.95,Yes,3,,
Plainville School District,1100011,Middle School of Plainville,1105211,68.11,,3,,
Plainville School District,1100011,Plainville High School,1106111,71.38,Yes,3,,
Plymouth School District,1110011,Eli Terry Jr. Middle School,1115111,64.21,,3,,
Plymouth School District,1110011,Harry S. Fisher Elementary School,1110411,66.43,Yes,3,,
Plymouth School District,1110011,Terryville High School,1116111,66.38,Yes,3,,
Pomfret School District,1120011,Pomfret Community School,1120111,68.97,,3,,
Portland School District,1130011,Brownstone Intermediate School,1130511,70.90,Yes,3,,
Portland School District,1130011,Gildersleeve School,1130411,87.63,,1,,High Performance and High Growth
Portland School District,1130011,Portland High School,1136111,70.12,Yes,3,,
Portland School District,1130011,Portland Middle School,1135111,62.47,Yes,3,,
Preston School District,1140011,Preston Plains School,1145111,70.47,,2,,
Preston School District,1140011,Preston Veterans' Memorial School,1140411,72.51,,2,,
Putnam School District,1160011,Putnam Elementary School,1160311,61.41,,4,Focus,
Putnam School District,1160011,Putnam High School,1166111,62.10,Yes,3,,
Putnam School District,1160011,Putnam Middle School,1165111,60.51,Yes,3,,
Redding School District,1170011,John Read Middle School,1175111,79.15,Yes,3,,
Redding School District,1170011,Redding Elementary School,1170111,78.33,Yes,3,,
Ridgefield School District,1180011,Barlow Mountain Elementary School,1180811,78.91,,2,,High Growth
Ridgefield School District,1180011,Branchville Elementary School,1180611,79.67,,2,,
Ridgefield School District,1180011,East Ridge Middle School,1185111,73.99,Yes,3,,
Ridgefield School District,1180011,Farmingville Elementary School,1180411,85.68,,1,,High Performance and High Growth
Ridgefield School District,1180011,Ridgebury Elementary School,1180311,84.67,,2,,High Performance and High Growth
Ridgefield School District,1180011,Ridgefield High School,1186111,88.16,Yes,2,,
Ridgefield School District,1180011,Scotland Elementary School,1180511,85.21,,1,,High Performance and High Growth
Ridgefield School District,1180011,Scotts Ridge Middle School,1185211,80.17,Yes,3,,
Ridgefield School District,1180011,Veterans Park Elementary School,1180211,92.82,,1,,High Performance and High Growth
Rocky Hill School District,1190011,Albert D. Griswold Middle School,1195111,74.22,Yes,3,,
Rocky Hill School District,1190011,Moser School,1190611,81.86,,2,,
Rocky Hill School District,1190011,Myrtle H. Stevens School,1190411,88.22,,1,,High Performance
Rocky Hill School District,1190011,Rocky Hill High School,1196111,77.69,Yes,3,,
Rocky Hill School District,1190011,West Hill School,1190511,94.76,,1,,High Performance
Salem School District,1210011,Salem Elementary School,1210111,68.17,Yes,3,,
Salisbury School District,1220011,Salisbury Central School,1220111,76.37,,2,,
Scotland School District,1230011,Scotland Elementary School,1230111,55.07,Yes,3,,
Seymour School District,1240011,Bungay School,1240111,77.49,,2,,
Seymour School District,1240011,Chatfield-LoPresti School,1240211,77.09,,2,,High Growth
Seymour School District,1240011,Seymour High School,1246111,73.79,Yes,3,,
Seymour School District,1240011,Seymour Middle School,1245111,68.86,,3,,
Sharon School District,1250011,Sharon Center School,1250111,65.70,,3,,
Shelton School District,1260011,Booth Hill School,1261011,80.58,,2,,
Shelton School District,1260011,Elizabeth Shelton School,1260511,85.04,,1,,High Performance and High Growth
Shelton School District,1260011,Intermediate School,1265111,55.35,Yes,3,,
Shelton School District,1260011,Long Hill School,1260811,80.06,,2,,
Shelton School District,1260011,Mohegan School,1260911,82.51,,2,,High Growth
Shelton School District,1260011,Perry Hill Elementary School,1261111,73.40,,2,,
Shelton School District,1260011,Shelton High School,1266111,71.47,Yes,3,,
Shelton School District,1260011,Sunnyside School,1260611,79.82,,2,,High Growth
Sherman School District,1270011,Sherman School,1270111,79.50,Yes,3,,
Simsbury School District,1280011,Central School,1280111,76.37,,2,,
Simsbury School District,1280011,Henry James Memorial School,1285111,69.47,Yes,3,,
Simsbury School District,1280011,Latimer Lane School,1280611,81.72,,2,,High Growth
Simsbury School District,1280011,Simsbury High School,1286111,86.73,Yes,2,,
Simsbury School District,1280011,Squadron Line School,1280711,80.89,Yes,3,,
Simsbury School District,1280011,Tariffville School,1280311,80.42,Yes,3,,
Simsbury School District,1280011,Tootin' Hills School,1280411,81.12,Yes,3,,
Somers School District,1290011,Mabelle B. Avery Middle School,1295111,62.03,,3,,
Somers School District,1290011,Somers Elementary School,1290411,67.71,Yes,3,,
Somers School District,1290011,Somers High School,1296111,83.07,Yes,3,,
Southington School District,1310011,Flanders Elementary School,1311311,76.53,,2,,
Southington School District,1310011,John F. Kennedy Middle School,1315311,69.46,,3,,
Southington School District,1310011,Joseph A. Depaolo Middle School,1315111,70.50,,2,,
Southington School District,1310011,R. E. Thalberg Elementary School,1310911,72.48,,2,,
Southington School District,1310011,South End Elementary School,1310711,80.34,Yes,3,,
Southington School District,1310011,Southington High School,1316211,76.59,Yes,3,,
Southington School District,1310011,Urbin T. Kelley School,1311411,74.51,,2,,
Southington School District,1310011,Walter A. Derynoski Elementary School,1311511,74.99,,2,,
Southington School District,1310011,William H. Hatton Elementary School,1310211,78.87,,2,,
Southington School District,1310011,William M. Strong Elementary School,1310811,79.41,,2,,
Southington School District,1310011,Zaya A. Oshana Elementary School,1310611,69.39,,3,,
South Windsor School District,1320011,Eli Terry School,1320711,78.05,,2,,
South Windsor School District,1320011,Orchard Hill School,1320611,79.54,,2,,
South Windsor School District,1320011,Philip R. Smith School,1320111,88.83,,1,,High Performance and High Growth
South Windsor School District,1320011,Pleasant Valley School,1320211,79.85,,2,,
South Windsor School District,1320011,South Windsor High School,1326211,79.94,Yes,3,,
South Windsor School District,1320011,Timothy Edwards School,1325111,72.52,Yes,3,,
Sprague School District,1330011,Sayles School,1330111,54.73,,3,,
Stafford School District,1340011,Stafford Elementary School,1340611,67.58,,3,,
Stafford School District,1340011,Stafford High School,1346111,72.66,Yes,3,,
Stafford School District,1340011,Stafford Middle School,1345211,59.83,,3,,
Stamford School District,1350011,Cloonan School,1355611,49.42,Yes,3,,
Stamford School District,1350011,Davenport Ridge School,1352011,70.48,,2,,
Stamford School District,1350011,Dolan School,1355311,54.51,Yes,3,,
Stamford School District,1350011,Hart School,1352211,61.90,Yes,3,,
Stamford School District,1350011,Julia A. Stark School,1351211,64.23,,3,,
Stamford School District,1350011,K. T. Murphy School,1350511,57.49,Yes,3,,
Stamford School District,1350011,Newfield School,1350611,59.44,Yes,3,,
Stamford School District,1350011,Northeast School,1351811,62.97,Yes,3,,
Stamford School District,1350011,Rippowam Middle School,1355811,49.93,Yes,3,,
Stamford School District,1350011,Rogers International School,1350811,66.64,Yes,3,,
Stamford School District,1350011,Roxbury School,1350911,57.31,Yes,3,,
Stamford School District,1350011,Scofield Middle School,1355711,63.26,,3,,
Stamford School District,1350011,Springdale School,1351111,73.77,,2,,High Growth
Stamford School District,1350011,Stamford High School,1356111,62.88,Yes,3,,
Stamford School District,1350011,Stillmeadow School,1352111,62.70,Yes,3,,
Stamford School District,1350011,Strawberry Hill an ext. of Rogers International,1350711,70.69,,2,,
Stamford School District,1350011,"The Academy of Information, Technology & Engineering",1356411,73.53,Yes,3,,
Stamford School District,1350011,Toquam Magnet School,1351911,54.62,Yes,3,,
Stamford School District,1350011,Turn of River School,1355511,47.10,Yes,3,,
Stamford School District,1350011,Westhill High School,1356311,60.81,Yes,3,,
Stamford School District,1350011,Westover School,1351411,69.99,Yes,3,,
Sterling School District,1360011,Sterling Community School,1360311,56.40,,3,,
Stonington School District,1370011,Deans Mill School,1370511,86.24,,1,,High Performance and High Growth
Stonington School District,1370011,Stonington High School,1376111,83.75,Yes,3,,
Stonington School District,1370011,Stonington Middle School,1375211,66.47,,3,,
Stonington School District,1370011,West Vine Street School,1370611,73.41,,2,,
Stratford School District,1380011,Bunnell High School,1386211,65.55,Yes,3,,
Stratford School District,1380011,Chapel School,1380311,59.14,Yes,3,,
Stratford School District,1380011,David Wooster Middle School,1385211,51.82,,3,,
Stratford School District,1380011,Eli Whitney School,1381311,74.81,,2,,
Stratford School District,1380011,Franklin School,1380411,55.60,,3,,
Stratford School District,1380011,Harry B. Flood Middle School,1385311,52.28,,4,Focus,
Stratford School District,1380011,Johnson House Elementary School,1381511,48.73,,3,,
Stratford School District,1380011,Lordship School,1380811,57.37,,3,,
Stratford School District,1380011,Nichols School,1380911,62.56,,3,,
Stratford School District,1380011,Second Hill Lane School,1381011,65.59,,3,,
Stratford School District,1380011,Stratford High School,1386111,64.35,Yes,3,,
Stratford School District,1380011,Wilcoxson School,1381411,69.63,,3,,
Suffield School District,1390011,McAlister Intermediate School,1390311,75.87,,2,,
Suffield School District,1390011,Suffield High School,1396111,76.93,,2,,
Suffield School District,1390011,Suffield Middle School,1395111,68.98,,3,,
Thomaston School District,1400011,Black Rock School,1400111,72.88,,2,,
Thomaston School District,1400011,Thomaston Center School,1400211,69.58,,3,,
Thomaston School District,1400011,Thomaston High School,1406211,78.57,Yes,3,,
Thompson School District,1410011,Mary R. Fisher Elementary School,1410111,62.82,Yes,3,,
Thompson School District,1410011,Thompson Middle School,1415111,65.43,,3,,
Thompson School District,1410011,Tourtellotte Memorial High School,1416111,64.95,Yes,3,,
Tolland School District,1420011,Tolland High School,1426111,78.07,Yes,3,,
Tolland School District,1420011,Tolland Intermediate School,1420211,79.02,Yes,3,,
Tolland School District,1420011,Tolland Middle School,1425111,72.11,Yes,3,,
Torrington School District,1430011,Forbes School,1430211,71.63,,2,,High Growth
Torrington School District,1430011,Southwest School,1430811,70.83,,2,,
Torrington School District,1430011,Torringford School,1430911,68.54,,3,,
Torrington School District,1430011,Torrington High School,1436111,63.85,Yes,3,,
Torrington School District,1430011,Torrington Middle School,1435111,54.22,,3,,
Torrington School District,1430011,Vogel-Wetmore School,1431311,71.67,,2,,
Trumbull School District,1440011,Booth Hill School,1440111,84.75,,2,,High Performance and High Growth
Trumbull School District,1440011,Daniels Farm School,1440811,90.33,,1,,High Performance and High Growth
Trumbull School District,1440011,Frenchtown Elementary School,1441011,82.49,,2,,High Growth
Trumbull School District,1440011,Hillcrest Middle School,1445211,79.78,,2,,
Trumbull School District,1440011,Jane Ryan School,1440411,84.88,,2,,High Performance and High Growth
Trumbull School District,1440011,Madison Middle School,1445111,69.76,,3,,
Trumbull School District,1440011,Middlebrook School,1440311,85.69,,1,,High Performance and High Growth
Trumbull School District,1440011,Tashua School,1440911,88.06,,1,,High Performance and High Growth
Trumbull School District,1440011,Trumbull High School,1446111,82.86,,2,,
Union School District,1450011,Union School,1450111,71.84,,2,,
Vernon School District,1460011,Center Road School,1461411,75.66,,2,,
Vernon School District,1460011,Lake Street School,1460111,78.49,,2,,High Growth
Vernon School District,1460011,Maple Street School,1460211,71.26,,2,,
Vernon School District,1460011,Northeast School,1460311,79.99,,2,,High Growth
Vernon School District,1460011,Rockville High School,1466111,68.89,Yes,3,,
Vernon School District,1460011,Skinner Road School,1461011,85.97,,1,,High Performance and High Growth
Vernon School District,1460011,Vernon Center Middle School,1465111,66.00,,3,,
Voluntown School District,1470011,Voluntown Elementary School,1470111,70.75,,2,,
Wallingford School District,1480011,Cook Hill School,1481011,68.95,,3,,
Wallingford School District,1480011,Dag Hammarskjold Middle School,1485211,61.72,Yes,3,,
Wallingford School District,1480011,Evarts C. Stevens School,1480911,74.53,,2,,
Wallingford School District,1480011,James H. Moran Middle School,1485311,62.36,,3,,
Wallingford School District,1480011,Lyman Hall High School,1486111,68.15,Yes,3,,
Wallingford School District,1480011,Mark T. Sheehan High School,1486211,70.17,Yes,3,,
Wallingford School District,1480011,Mary G. Fritz Elementary School of Yalesville,1480811,82.64,,2,,High Growth
Wallingford School District,1480011,Moses Y. Beach School,1480111,52.83,,3,,
Wallingford School District,1480011,Parker Farms School,1480311,71.39,,2,,
Wallingford School District,1480011,Pond Hill School,1481211,78.23,,2,,High Growth
Wallingford School District,1480011,Rock Hill School,1480411,72.70,,2,,
Waterbury School District,1510011,B. W. Tinker School,1512111,64.33,,3,,
Waterbury School District,1510011,Bucks Hill School,1510511,66.38,,3,,
Waterbury School District,1510011,Bunker Hill School,1510611,54.12,,3,,
Waterbury School District,1510011,Carrington School,1512711,58.09,,3,,
Waterbury School District,1510011,Crosby High School,1516211,52.42,,5,Turnaround,
Waterbury School District,1510011,Driggs School,1510911,49.96,,3,,
Waterbury School District,1510011,Duggan School,1511611,58.46,,3,,
Waterbury School District,1510011,F. J. Kingsbury School,1511411,70.48,,2,,High Growth
Waterbury School District,1510011,Gilmartin School,1512611,51.74,,3,,
Waterbury School District,1510011,H. S. Chase School,1510711,67.92,,3,,High Growth
Waterbury School District,1510011,Hopeville School,1511311,60.14,,3,,
Waterbury School District,1510011,John F. Kennedy High School,1516411,50.78,Yes,5,Turnaround,
Waterbury School District,1510011,Maloney Interdistrict Magnet School,1513111,71.28,,2,,
Waterbury School District,1510011,Margaret M. Generali Elementary School,1511111,53.61,,3,,
Waterbury School District,1510011,Michael F. Wallace Middle School,1515111,56.43,,3,,
Waterbury School District,1510011,North End Middle School,1515311,54.05,,3,,
Waterbury School District,1510011,Reed School,1513411,46.80,,3,,
Waterbury School District,1510011,Regan School,1512811,72.11,,2,,High Growth
Waterbury School District,1510011,Roberto Clemente International Dual Language School,1517311,79.56,,2,,
Waterbury School District,1510011,Rotella Interdistrict Magnet School,1513311,74.87,,2,,
Waterbury School District,1510011,Sprague School,1512011,53.51,,3,,
Waterbury School District,1510011,Walsh School,1512211,52.60,,3,,
Waterbury School District,1510011,Washington School,1512311,61.33,,3,,
Waterbury School District,1510011,Waterbury Arts Magnet School,1516011,72.05,,2,,
Waterbury School District,1510011,Waterbury Career Academy,1516711,69.98,,3,,
Waterbury School District,1510011,Wendell L. Cross School,1510811,57.80,,3,,
Waterbury School District,1510011,West Side Middle School,1515211,52.86,,5,Turnaround,
Waterbury School District,1510011,Wilby High School,1516311,50.19,Yes,5,Turnaround,
Waterbury School District,1510011,Woodrow Wilson School,1513211,54.76,,3,,
Waterford School District,1520011,Clark Lane Middle School,1525111,68.62,,3,,
Waterford School District,1520011,Great Neck Elementary School,1520211,79.67,,2,,
Waterford School District,1520011,Oswegatchie Elementary School,1520611,71.35,,2,,
Waterford School District,1520011,Quaker Hill Elementary School,1520711,74.01,,2,,
Waterford School District,1520011,Waterford High School,1526111,82.86,,2,,
Watertown School District,1530011,Fletcher W. Judson School,1530311,72.50,,2,,
Watertown School District,1530011,John Trumbull Primary School,1530211,73.29,,2,,
Watertown School District,1530011,Polk School,1530411,67.55,,3,,
Watertown School District,1530011,Swift Middle School,1535111,66.88,,3,,
Watertown School District,1530011,Watertown High School,1536111,69.81,Yes,3,,
Westbrook School District,1540011,Daisy Ingraham School,1540211,80.70,,2,,High Growth
Westbrook School District,1540011,Westbrook High School,1546111,80.41,,2,,
Westbrook School District,1540011,Westbrook Middle School,1545111,77.62,,2,,
West Hartford School District,1550011,Aiken School,1551611,86.79,,1,,High Performance and High Growth
West Hartford School District,1550011,Braeburn School,1550211,83.58,,2,,High Growth
West Hartford School District,1550011,Bristow Middle School,1555311,68.84,Yes,3,,
West Hartford School District,1550011,Bugbee School,1550411,82.99,,2,,High Growth
West Hartford School District,1550011,Charter Oak International Academy,1550511,69.76,Yes,3,,
West Hartford School District,1550011,Conard High School,1556111,76.68,Yes,3,,
West Hartford School District,1550011,Duffy School,1550611,74.26,Yes,3,,
West Hartford School District,1550011,Hall High School,1556211,79.22,Yes,3,,
West Hartford School District,1550011,King Philip Middle School,1555111,68.23,Yes,3,,
West Hartford School District,1550011,Morley School,1550911,83.39,,2,,High Growth
West Hartford School District,1550011,Norfeldt School,1551011,78.98,,2,,
West Hartford School District,1550011,Sedgwick Middle School,1555211,67.17,Yes,3,,
West Hartford School District,1550011,Smith School,1551711,72.36,,2,,High Growth
West Hartford School District,1550011,Webster Hill School,1551211,77.82,,2,,High Growth
West Hartford School District,1550011,Whiting Lane School,1551311,68.93,,3,,
West Hartford School District,1550011,Wolcott School,1551511,69.68,,3,,
West Haven School District,1560011,Alma E. Pagels School,1560811,74.18,Yes,3,,
West Haven School District,1560011,Carrigan 5/6 Intermediate School,1565311,59.56,,3,,
West Haven School District,1560011,Edith E. Mackrille School,1560611,83.18,,2,,
West Haven School District,1560011,Forest School,1560311,69.48,,3,,High Growth
West Haven School District,1560011,Harry M. Bailey Middle School,1565111,56.09,,3,,
West Haven School District,1560011,Savin Rock Community School,1561411,68.34,,3,,High Growth
West Haven School District,1560011,Seth G. Haley School,1560411,71.30,,2,,High Growth
West Haven School District,1560011,Washington School,1561211,81.72,,2,,High Growth
West Haven School District,1560011,West Haven High School,1566111,62.46,,3,,
Weston School District,1570011,Weston High School,1576111,88.03,Yes,2,,
Weston School District,1570011,Weston Intermediate School,1570211,88.49,,1,,High Performance and High Growth
Weston School District,1570011,Weston Middle School,1575111,79.49,Yes,3,,
Westport School District,1580011,Bedford Middle School,1585111,71.49,Yes,3,,
Westport School District,1580011,Coleytown Elementary School,1580311,86.16,,1,,High Performance
Westport School District,1580011,Coleytown Middle School,1585311,74.02,,2,,
Westport School District,1580011,Green's Farms School,1580411,83.47,Yes,3,,
Westport School District,1580011,King's Highway Elementary School,1580511,79.26,,2,,
Westport School District,1580011,Long Lots School,1580711,79.25,,2,,
Westport School District,1580011,Saugatuck Elementary School,1580811,79.94,,2,,
Westport School District,1580011,Staples High School,1586111,88.83,Yes,2,,
Wethersfield School District,1590011,Alfred W. Hanmer School,1590811,75.95,,2,,
Wethersfield School District,1590011,Charles Wright School,1591011,72.03,,2,,
Wethersfield School District,1590011,Emerson-Williams School,1590211,72.04,,2,,
Wethersfield School District,1590011,Highcrest School,1591111,75.82,,2,,
Wethersfield School District,1590011,Samuel B. Webb Elementary School,1591211,70.12,Yes,3,,
Wethersfield School District,1590011,Silas Deane Middle School,1595211,64.52,Yes,3,,
Wethersfield School District,1590011,Wethersfield High School,1596111,77.25,Yes,3,,
Willington School District,1600011,Center School,1600111,70.75,Yes,3,,
Willington School District,1600011,Hall Memorial School,1605111,68.20,Yes,3,,
Wilton School District,1610011,Cider Mill School,1610711,84.92,,2,,High Performance
Wilton School District,1610011,Middlebrook School,1615211,84.23,Yes,3,,
Wilton School District,1610011,Miller-Driscoll School,1610511,92.08,,1,,
Wilton School District,1610011,Wilton High School,1616111,95.10,Yes,2,,
Winchester School District,1620011,Pearson School,1625111,76.44,,2,,
Windham School District,1630011,Charles H. Barrows STEM Academy,1630411,68.95,,3,,
Windham School District,1630011,Natchaug School,1630111,61.41,,3,,High Growth
Windham School District,1630011,North Windham School,1630311,57.20,Yes,3,,
Windham School District,1630011,W. B. Sweeney School,1630611,56.54,,3,,
Windham School District,1630011,Windham Center School,1630511,63.83,,3,,
Windham School District,1630011,Windham High School,1636111,55.26,Yes,4,Focus,
Windham School District,1630011,Windham Middle School,1635111,53.88,Yes,5,Turnaround,
Windsor School District,1640011,Clover Street School,1640111,65.18,Yes,3,,
Windsor School District,1640011,John F. Kennedy School,1640811,63.92,Yes,3,,
Windsor School District,1640011,Sage Park Middle School,1645311,67.95,,3,,
Windsor School District,1640011,Windsor High School,1646111,67.39,Yes,3,,
Windsor Locks School District,1650011,North Street School,1650111,72.16,,2,,
Windsor Locks School District,1650011,South Elementary School,1650411,69.95,Yes,3,,
Windsor Locks School District,1650011,Windsor Locks High School,1656111,72.89,Yes,3,,
Windsor Locks School District,1650011,Windsor Locks Middle School,1655111,58.53,,3,,
Wolcott School District,1660011,Alcott School,1660611,82.08,,2,,
Wolcott School District,1660011,Frisbie School,1660211,85.71,,1,,High Performance and High Growth
Wolcott School District,1660011,Tyrrell Middle School,1665111,65.55,,3,,
Wolcott School District,1660011,Wakelee School,1660511,81.72,,2,,High Growth
Wolcott School District,1660011,Wolcott High School,1666111,74.30,Yes,3,,
Woodbridge School District,1670011,Beecher Road School,1670311,79.48,Yes,3,,
Woodstock School District,1690011,Woodstock Elementary School,1690211,73.46,Yes,3,,
Woodstock School District,1690011,Woodstock Middle School,1695111,67.26,Yes,3,,
Regional School District 01,2010012,Housatonic Valley Regional High School,2016112,67.86,Yes,3,,
Regional School District 04,2040012,John Winthrop Middle School,2045112,54.27,Yes,3,,
Regional School District 04,2040012,Valley Regional High School,2046112,72.96,Yes,3,,
Regional School District 05,2050012,Amity Middle School: Bethany,2055112,78.18,Yes,3,,
Regional School District 05,2050012,Amity Middle School: Orange,2055212,78.32,,2,,
Regional School District 05,2050012,Amity Regional High School,2056112,82.47,Yes,3,,
Regional School District 06,2060012,Goshen Center School,2060112,67.65,,3,,
Regional School District 06,2060012,James Morris School,2060212,63.30,Yes,3,,
Regional School District 06,2060012,Wamogo Regional High School,2066112,73.93,Yes,3,,
Regional School District 06,2060012,Wamogo Regional Middle School,2060512,70.52,Yes,3,,
Regional School District 06,2060012,Warren Elementary School,2060312,83.95,,2,,High Performance
Regional School District 07,2070012,Northwestern Regional High School,2076112,78.15,Yes,3,,
Regional School District 07,2070012,Northwestern Regional Middle School,2075112,68.32,Yes,3,,
Regional School District 08,2080012,RHAM High School,2086112,77.96,Yes,3,,
Regional School District 08,2080012,RHAM Middle School,2085112,67.97,,3,,
Regional School District 09,2090012,Joel Barlow High School,2096112,83.74,Yes,3,,
Regional School District 10,2100012,Har-Bur Middle School,2105112,73.83,,2,,
Regional School District 10,2100012,Harwinton Consolidated School,2100312,81.02,,2,,
Regional School District 10,2100012,Lake Garda Elementary School,2100212,80.83,,2,,
Regional School District 10,2100012,Lewis S. Mills High School,2106112,77.10,Yes,3,,
Regional School District 11,2110012,Parish Hill High School,2116112,61.16,,3,,
Regional School District 12,2120012,Booth Free School,2120212,85.85,,1,,High Performance and High Growth
Regional School District 12,2120012,Shepaug Valley School,2120312,74.13,,2,,
Regional School District 12,2120012,The Burnham School,2120112,97.41,,1,,High Performance
Regional School District 12,2120012,Washington Primary School,2120412,87.60,,1,,High Performance and High Growth
Regional School District 13,2130012,Coginchaug Regional High School,2136112,77.80,Yes,3,,
Regional School District 13,2130012,Frank Ward Strong School,2135112,60.45,Yes,3,,
Regional School District 13,2130012,John Lyman School,2130512,81.70,,2,,
Regional School District 13,2130012,Middlefield Memorial School,2130412,69.91,Yes,3,,
Regional School District 14,2140012,Bethlehem Elementary School,2140112,83.89,,2,,High Performance and High Growth
Regional School District 14,2140012,Mitchell Elementary School,2140212,72.03,Yes,3,,
Regional School District 14,2140012,Nonnewaug High School,2146112,76.82,,2,,
Regional School District 14,2140012,Woodbury Middle School,2145112,70.46,,2,,
Regional School District 15,2150012,Gainfield Elementary School,2150412,85.60,,1,,High Performance and High Growth
Regional School District 15,2150012,Long Meadow Elementary School,2150712,74.22,Yes,3,,
Regional School District 15,2150012,Memorial Middle School,2155212,73.29,,2,,
Regional School District 15,2150012,Middlebury Elementary School,2150612,74.00,Yes,3,,
Regional School District 15,2150012,Pomperaug Elementary School,2150512,78.17,Yes,3,,
Regional School District 15,2150012,Pomperaug Regional High School,2156212,82.65,Yes,3,,
Regional School District 15,2150012,Rochambeau Middle School,2155112,70.70,Yes,3,,
Regional School District 16,2160012,Laurel Ledge School,2160112,82.97,,2,,
Regional School District 16,2160012,Long River Middle School,2165112,70.85,Yes,3,,
Regional School District 16,2160012,Prospect Elementary School,2160512,78.82,,2,,
Regional School District 16,2160012,Woodland Regional High School,2166012,77.62,Yes,3,,
Regional School District 17,2170012,Burr District Elementary School,2170212,95.05,,1,,High Performance
Regional School District 17,2170012,Haddam-Killingworth High School,2176112,84.51,Yes,3,,
Regional School District 17,2170012,Haddam-Killingworth Intermediate School,2170512,74.96,Yes,3,,
Regional School District 17,2170012,Haddam-Killingworth Middle School,2175112,70.74,Yes,3,,
Regional School District 17,2170012,Killingworth Elementary School,2170312,93.31,,1,,High Performance
Regional School District 18,2180012,Lyme Consolidated School,2180112,85.83,,1,,High Performance and High Growth
Regional School District 18,2180012,Lyme-Old Lyme High School,2186112,82.95,Yes,3,,
Regional School District 18,2180012,Lyme-Old Lyme Middle School,2185112,75.61,,2,,
Regional School District 18,2180012,Mile Creek School,2180212,79.33,,2,,
Regional School District 19,2190012,E. O. Smith High School,2196112,77.85,Yes,3,,
Goodwin University Educational Services (GUES),2310018,Connecticut River Academy at Goodwin University,2310118,56.23,Yes,3,,
Goodwin University Educational Services (GUES),2310018,Riverside Magnet School at Goodwin University,2310218,47.34,,4,Focus,
Capitol Region Education Council,2410014,Academy of Aerospace and Engineering Elementary,2410714,63.86,,3,,
Capitol Region Education Council,2410014,Academy of Aerospace and Engineering,2415114,64.29,Yes,5,Turnaround,
Capitol Region Education Council,2410014,Academy of Computer Science and Engineering,2415214,53.79,Yes,4,Focus,
Capitol Region Education Council,2410014,Academy of Computer Science and and Engineering Middle School,2415014,45.85,Yes,3,,
Capitol Region Education Council,2410014,Academy of International Studies 6-12,2416114,61.66,,3,,
Capitol Region Education Council,2410014,Academy of International Studies Elementary School,2410414,48.41,Yes,4,Focus,
Capitol Region Education Council,2410014,Academy of Science and Innovation,2416514,60.78,,4,Focus,
Capitol Region Education Council,2410014,Ana Grace Academy of the Arts,2410614,47.73,Yes,3,,
Capitol Region Education Council,2410014,Discovery Academy,2418114,67.97,Yes,3,,
Capitol Region Education Council,2410014,Glastonbury/East Hartford Magnet School,2410114,54.11,Yes,3,,
Capitol Region Education Council,2410014,Greater Hartford Academy of the Arts High School - Full Day,2416414,62.71,Yes,4,Focus,
Capitol Region Education Council,2410014,Montessori Magnet School,2413114,61.34,Yes,3,,
Capitol Region Education Council,2410014,Museum Academy,2410514,52.09,Yes,3,,
Capitol Region Education Council,2410014,Reggio Magnet School of the Arts,2410314,55.21,,3,,
Capitol Region Education Council,2410014,University of Hartford Magnet School,2410214,60.84,Yes,3,,
Cooperative Educational Services,2430014,Six-Six Magnet School,2430114,66.53,,3,,
Area Cooperative Educational Services,2440014,ACES at Chase,2445114,62.28,,3,,
Area Cooperative Educational Services,2440014,The Bridge at ACES,2440614,25.00,Yes,3,,
Area Cooperative Educational Services,2440014,Wintergreen Interdistrict Magnet School,2440314,51.82,,3,,
Learn,2450014,Marine Science Magnet High School,2456114,81.11,,2,,
Learn,2450014,Regional Multicultural Magnet School,2450114,56.41,,3,,
Learn,2450014,Three Rivers Middle College Magnet School,2456214,78.58,,2,,
Eastern Connecticut Regional Educational Service Center (EASTCONN),2530014,Arts at the Capitol Theater Magnet School (ACT),2536014,62.07,Yes,3,,
Eastern Connecticut Regional Educational Service Center (EASTCONN),2530014,Quinebaug Middle College,2536114,68.63,Yes,3,,
Jumoke Academy District,2610013,Jumoke Academy,2610113,43.44,,3,,
Odyssey Community School District,2630013,Odyssey Community School,2635113,76.03,,2,,
Integrated Day Charter School District,2640013,Integrated Day Charter School,2640113,72.18,,2,,
Interdistrict School for Arts and Comm District,2650013,Interdistrict School For Arts And Communication,2655113,72.46,,2,,
Common Ground High School District,2680013,Common Ground High School,2686113,61.77,Yes,4,Focus,
The Bridge Academy District,2690013,The Bridge Academy,2696113,72.47,,2,,
Side By Side Charter School District,2700013,Side By Side Charter School,2700113,74.60,,2,,
Explorations District,2720013,Explorations,2726113,45.31,Yes,3,,
Amistad Academy District,2790013,Amistad Academy,2795113,67.96,,3,,
New Beginnings Inc Family Academy District,2800013,New Beginnings Inc Family Academy,2800113,54.06,,3,,
Park City Prep Charter School District,2830013,Park City Prep Charter School,2835113,64.33,,3,,
Achievement First Bridgeport Academy District,2850013,Achievement First Bridgeport Academy,2850113,62.25,,3,,
Highville Charter School District,2860013,Highville Charter School,2860113,58.16,,3,,
Achievement First Hartford Academy District,2880013,Achievement First Hartford Academy,2880113,62.89,,3,,
Elm City College Preparatory School District,2890013,Elm City College Preparatory School,2890113,67.45,,3,,
Brass City Charter School District,2900013,Brass City Charter School,2900113,59.15,,3,,
Elm City Montessori School District,2910013,Elm City Montessori School,2910113,63.83,Yes,3,,
Great Oaks Charter School District,2940013,Great Oaks Charter School,2940113,57.70,Yes,3,,
Booker T. Washington Academy District,2950013,Booker T. Washington Academy,2950113,71.37,,2,,High Growth
Stamford Charter School for Excellence District,2960013,Stamford Charter School for Excellence,2960113,73.71,,2,,
Capital Preparatory Harbor School District,2970013,Capital Preparatory Harbor School,2970113,73.22,,2,,
Unified School District #2,3470015,Albert J. Solnit Children's Center- South Campus,3470315,25.00,Yes,3,,
Connecticut Technical Education and Career System,9000016,A. I. Prince Technical High School,9001516,52.81,,5,Focus,
Connecticut Technical Education and Career System,9000016,Bullard-Havens Technical High School,9001116,61.00,,3,,
Connecticut Technical Education and Career System,9000016,E. C. Goodwin Technical High School,9001916,61.41,,4,Focus,
Connecticut Technical Education and Career System,9000016,Eli Whitney Technical High School,9001416,56.79,,5,Focus,
Connecticut Technical Education and Career System,9000016,Ella T. Grasso Technical High School,9002716,66.79,,3,,
Connecticut Technical Education and Career System,9000016,Emmett O'Brien Technical High School,9002516,62.18,,3,,
Connecticut Technical Education and Career System,9000016,H. C. Wilcox Technical High School,9001716,65.53,,3,,
Connecticut Technical Education and Career System,9000016,H. H. Ellis Technical High School,9001316,64.05,,3,,
Connecticut Technical Education and Career System,9000016,Henry Abbott Technical High School,9001216,73.60,,2,,
Connecticut Technical Education and Career System,9000016,Howell Cheney Technical High School,9001616,57.53,,4,Focus,
Connecticut Technical Education and Career System,9000016,J. M. Wright Technical High School,9002116,55.42,,4,Focus,
Connecticut Technical Education and Career System,9000016,Norwich Technical High School,9002016,73.09,,2,,
Connecticut Technical Education and Career System,9000016,Oliver Wolcott Technical High School,9002216,63.79,Yes,3,,
Connecticut Technical Education and Career System,9000016,Platt Technical High School,9002616,56.70,,3,,
Connecticut Technical Education and Career System,9000016,Vinal Technical High School,9001816,56.48,,3,,
Connecticut Technical Education and Career System,9000016,W. F. Kaynor Technical High School,9002316,68.56,,3,,
Connecticut Technical Education and Career System,9000016,Windham Technical High School,9002416,66.61,,3,,
Norwich Free Academy District,9010022,Norwich Free Academy,9016122,65.94,Yes,3,,
The Gilbert School District,9020022,The Gilbert School,9026122,65.73,,4,Focus,
The Woodstock Academy District,9030022,The Woodstock Academy,9036122,73.28,Yes,3,,